ID,MAX_OCC,MaxOccNo,ObjectID,LAST_UPDAT,TYPE,ESTAB_TYPE,CITY,ADDRESS,ZIP_CODE,STATE,LAT,LON
006-0003,55,55,1,2012,PUBLIC,RV PARK_CAMPGROUND,BOWMAN,1 MILE EAST ON HIGWAY 12,58623,ND,46.178715,-103.372854
006-0005,16,16,2,2012,PUBLIC,HOTEL_LODGING,BOWMAN,409 HIGHWAY 85 SOUTH,58623,ND,46.177445,-103.410267
006-0007,60,60,3,2012,PUBLIC,MOBILE HOME,BOWMAN,401 3 AVENUE NE,58623,ND,46.178051,-103.39933
006-0008,12,12,4,2012,PUBLIC,MOBILE HOME,BOWMAN,701 3 STREET NW,58623,ND,46.185772,-103.405585
006-0009,22,22,5,2012,PUBLIC,HOTEL_LODGING,BOWMAN,503 US 85,58623,ND,46.176318,-103.410814
006-0010,3,3,6,2012,PUBLIC,MOBILE HOME,BOWMAN,11 2ND AVENUE NW,58623,ND,46.182448,-103.39795
006-0011,30,30,7,2012,PUBLIC,HOTEL_LODGING,BOWMAN,408 3RD AVENUE SOUTHWEST,58623,ND,46.177165,-103.39952
006-0012,12,12,8,2012,PUBLIC,HOTEL_LODGING,BOWMAN,208 HIGHWAY 12 WEST,58623,ND,46.176918,-103.398048
006-0013,15,15,9,2012,PUBLIC,RV PARK_CAMPGROUND,BOWMAN,701 3 STREET NW,58623,ND,46.185772,-103.405585
006-0014,10,10,10,2012,PUBLIC,MOBILE HOME,SCRANTON,307 7TH AVENUE,58653,ND,46.14897,-103.151378
006-0015,16,16,11,2012,PUBLIC,MOBILE HOME,RHAME,UNKNOWN,58651,ND,46.125237,-103.823034
013-0021,10,10,12,2012,PUBLIC,RV PARK_CAMPGROUND,KILLDEER,RODEO DRIVE AND 4TH AVENUE NW,58640,ND,47.365903,-102.75563
013-0023,20,20,13,2012,PUBLIC,HOTEL_LODGING,KILLDEER,15 MOUNTAIN VIEW ROAD,58640,ND,47.373936,-102.755101
013-0024,37,37,14,2012,PUBLIC,RV PARK_CAMPGROUND,KILLDEER,10239 HIGHWAY 200,58640,ND,47.358562,-102.727396
013-0025,17,17,15,2012,PUBLIC,MOBILE HOME,HALLIDAY,5TH STREET SOUTH AND SELLE AVENUE,58636,ND,47.348399,-102.338489
013-0025,7,7,16,2012,PUBLIC,RV PARK_CAMPGROUND,HALLIDAY,5th STREET SOUTH AND SELLE AVENUE,58636,ND,47.348399,-102.338489
013-0026,19,19,17,2012,PUBLIC,RV PARK_CAMPGROUND,KILLDEER,301 GUMBO LOOP,58640,ND,47.364965,-102.754586
017-0001,12,12,18,2012,PUBLIC,RV PARK_CAMPGROUND,BEACH,350 5 AVENUE NE,58621,ND,46.91684,-103.998648
017-0002,10,10,19,2012,PUBLIC,HOTEL_LODGING,BEACH,91 4TH STREET NW,58621,ND,46.919352,-104.007486
017-0002,7,7,20,2012,PUBLIC,RV PARK_CAMPGROUND,BEACH,91 4TH STREET NW,58621,ND,46.919352,-104.007486
017-0004,5,5,21,2012,PUBLIC,RV PARK_CAMPGROUND,GOLVA,BLODGETT AVENUE,58632,ND,46.732477,-103.984089
017-0006,42,42,22,2012,PUBLIC,MOBILE HOME,BEACH,16701 I-94 FRONTAGE ROAD,58621,ND,46.933654,-103.968423
027-0031,20,20,23,2012,PUBLIC,RV PARK_CAMPGROUND,WATFORD CITY,301 3 AVENUE SW,58854,ND,47.803251,-103.279901
027-0032,6,6,24,2012,PUBLIC,RV PARK_CAMPGROUND,ALEXANDER,"1935 SAMCO ROAD, STE 102",58831,ND,47.834304,-103.642355
027-0033,3,3,25,2012,PUBLIC,MOBILE HOME,WATFORD CITY,12590 23RD STREET NW,58854,ND,47.746736,-103.280539
027-0034,12,12,26,2012,PUBLIC,RV PARK_CAMPGROUND,WATFORD CITY,12590 23RD STREET NW,58854,ND,47.746736,-103.280539
027-0036,609,609,27,2013,PUBLIC,RV PARK_CAMPGROUND,FAIRVIEW,16048 35 STREET NW,59221,ND,47.850841,-104.036472
027-0037,12,12,28,2012,PUBLIC,MOBILE HOME,ALEXANDER,13801 28 STREET NW,58831,ND,47.819393,-103.540964
027-0038,UNKNOWN,,29,2013,PUBLIC,HOTEL_LODGING,WATFORD CITY,600 2ND AVENUE SOUTHWEST,58854,ND,47.799673,-103.290314
027-0040,8,8,30,2012,PUBLIC,RV PARK_CAMPGROUND,WATFORD CITY,1500 6 AVENUE NE,58854,ND,47.785713,-103.286647
027-0041,16,16,31,2013,PUBLIC,RV PARK_CAMPGROUND,ARNEGARD,133J AVE NW,58835,ND,47.810419,-103.471825
027-0042,5,5,32,2013,PUBLIC,MOBILE HOME,KEENE,3751 HIGHWAY 23,58847,ND,47.958377,-102.941376
031-0008,1,1,33,2011,UNKNOWN,MOBILE HOME,PALERMO,UNKNOWN,58769,ND,48.338318,-102.230133
017-0008,10,10,34,2012,PUBLIC,RV PARK_CAMPGROUND,BEACH,16701 I-94 FRONTAGE ROAD,58621,ND,46.933654,-103.968423
021-0002,8,8,35,2012,PUBLIC,RV PARK_CAMPGROUND,NEW ENGLAND,1115 2 AVENUE EAST,58647,ND,46.542478,-102.863619
021-0003,19,19,36,2012,PUBLIC,HOTEL_LODGING,REGENT,2 MAIN AVE S,58650,ND,46.420549,-102.558401
021-0004,12,12,37,2012,PUBLIC,MOBILE HOME,REGENT,SOUTH RAILWAY STREET,58650,ND,46.420835,-102.553088
021-0006,19,19,38,2012,PUBLIC,HOTEL_LODGING,MOTT,802 EAST HIGHWAY 21,58646,ND,46.36947,-102.31812
021-0007,17,17,39,2013,PUBLIC,MOBILE HOME,NEW ENGLAND,UNKNOWN,58647,ND,46.493349,-102.801628
021-0008,14,14,40,2012,PUBLIC,HOTEL_LODGING,MOTT,412 IOWA AVENUE,58646,ND,46.375675,-102.322168
021-0009,11,11,41,2012,PUBLIC,HOTEL_LODGING,REGENT,100 WEST 2 STREET,58650,ND,46.420382,-102.556273
021-0010,12,12,42,2013,PUBLIC,RV PARK_CAMPGROUND,MOTT,HC2,58646,ND,46.418439,-102.288844
021-0011,4,4,43,2013,PUBLIC,RV PARK_CAMPGROUND,NEW ENGLAND,11750 HIGHWAY 21 WEST,58647,ND,46.493349,-102.801628
027-0002,16,16,44,2012,PUBLIC,CREW CAMP,WATFORD CITY,301 3 AVENUE SW,58854,ND,47.797772,-103.289029
027-0003,24,24,45,2012,PUBLIC,CREW CAMP,WATFORD CITY,2571 110 AVENUE NW,58854,ND,47.785387,-102.941722
027-0005,85,85,46,2012,PUBLIC,CREW CAMP,WATFORD CITY,12880 29 STREET NW,58854,ND,47.834222,-103.327893
027-0006,26,26,47,2013,PUBLIC,MOBILE HOME,ARNEGARD,EAST BALL DIAMOND ROAD,58835,ND,47.810419,-103.471825
027-0007,54,54,48,2013,PUBLIC,RV PARK_CAMPGROUND,WATFORD CITY,12597 ZOE ROAD,58854,ND,47.799345,-103.283109
027-0009,144,144,49,2012,PUBLIC,CREW CAMP,ALEXANDER,14050 HIGHWAY 85 NORTH,58831,ND,47.804863,-103.594358
027-0010,36,36,50,2012,PUBLIC,RV PARK_CAMPGROUND,WATFORD CITY,1008 5TH AVENUE SE,58854,ND,47.799106,-103.265873
027-0011,26,26,51,2013,PUBLIC,RV PARK_CAMPGROUND,WATFORD CITY,2147 E SKOKIE DRIVE,58854,ND,47.799345,-103.283109
027-0013,10,10,52,2012,PUBLIC,RV PARK_CAMPGROUND,EAST FAIRVIEW,308 S INTERSTATE AVENUE,59221,ND,47.847776,-104.041808
027-0014,36,36,53,2012,PUBLIC,CREW CAMP,KEENE,10686 35 STREET NW,58847,ND,47.919607,-102.955383
027-0015,17,17,54,2012,PUBLIC,RV PARK_CAMPGROUND,WATFORD CITY,905 11 STREET SW,58854,ND,47.79159,-103.300322
027-0016,13,13,55,2012,PUBLIC,MOBILE HOME,WATFORD CITY,421 POPLAR STREET,58854,ND,47.805842,-103.275772
027-0018,5,5,56,2012,PUBLIC,MOBILE HOME,ALEXANDER,201 MAIN AVENUE EAST,58831,ND,47.835272,-103.64069
027-0019,9,9,57,2012,PUBLIC,RV PARK_CAMPGROUND,ALEXANDER,201 MAIN AVENUE EAST,58831,ND,47.835272,-103.64069
027-0021,18,18,58,2013,PUBLIC,MOBILE HOME,EAST FAIRVIEW,3262 HIGHWAY 58,59221,ND,47.850841,-104.036472
027-0021,10,10,59,2013,PUBLIC,RV PARK_CAMPGROUND,EAST FAIRVIEW,3262 HIGHWAY 58,59221,ND,47.850841,-104.036472
027-0022,25,25,60,2013,PUBLIC,RV PARK_CAMPGROUND,EAST FAIRVIEW,3781 HIGHWAY 58,59221,ND,47.850841,-104.036472
027-0024,15,15,61,2012,PUBLIC,HOTEL_LODGING,WATFORD CITY,132 3RD STREET SW,58854,ND,47.801109,-103.285986
027-0025,240,240,62,2012,PUBLIC,RV PARK_CAMPGROUND,WATFORD CITY,2052 125 AVENUE NW,58854,ND,47.689077,-103.261738
027-0026,8,8,63,2012,PUBLIC,RV PARK_CAMPGROUND,ARNEGARD,407 MAIN ST,58835,ND,47.805474,-103.441687
027-0027,12,12,64,2012,PUBLIC,CREW CAMP,EAST FAIRVIEW,312 EAST 6 STREET,59221,ND,47.851275,-104.04639
027-0029,36,36,65,2013,PUBLIC,MOBILE HOME,WATFORD CITY,1935 SAMCO RD STE 102,58854,ND,47.799345,-103.283109
027-0030,15,15,66,2012,PUBLIC,RV PARK_CAMPGROUND,WATFORD CITY,301 SW 3 AVENUE,58854,ND,47.803222,-103.286132
006-0016,48,48,67,2012,PUBLIC,MOBILE HOME,BOWMAN,6725 APPLE CREEK DRIVE,58623,ND,46.106608,-103.419923
007-0001,30,30,68,2012,PUBLIC,CREW CAMP,MCGREGOR,10095 HWY 50,58755,ND,48.577082,-102.865454
007-0001,40,40,69,2012,PUBLIC,RV PARK_CAMPGROUND,MCGREGOR,10095 HWY 50,58755,ND,48.577082,-102.865454
007-0006,10,10,70,2012,PUBLIC,RV PARK_CAMPGROUND,POWERS LAKE,UNKNOWN,58773,ND,48.559245,-102.646669
012-0001,7,7,71,2012,PRIVATE,RV PARK_CAMPGROUND,WILDROSE,UNKNOWN,58795,ND,48.728239,-103.049988
012-0002,4,4,72,2012,PRIVATE,MOBILE HOME,AMBROSE,UNKNOWN,58833,ND,48.868987,-103.547341
012-0002,4,4,73,2012,PRIVATE,RV PARK_CAMPGROUND,AMBROSE,UNKNOWN,58833,ND,48.868987,-103.547341
012-0003,4,4,74,2012,PRIVATE,RV PARK_CAMPGROUND,MCGREGOR,UNKNOWN,58755,ND,48.636645,-102.931706
012-0005,UNKNOWN,,75,2012,PRIVATE,RV PARK_CAMPGROUND,AMBROSE,UNKNOWN,58833,ND,48.990224,-103.489182
001-0001,9,9,76,2012,PUBLIC,MOBILE HOME,HETTINGER,1400 EAST 2 STREET,58639,ND,46.191749,-102.663522
001-0002,8,8,77,2013,PUBLIC,MOBILE HOME,REEDER,3421 LAKEVIEW LANE,58649,ND,46.134443,-102.927033
001-0003,12,12,78,2013,PUBLIC,RV PARK_CAMPGROUND,REEDER,UNKNOWN,58649,ND,46.134443,-102.927033
001-0004,24,24,79,2012,PUBLIC,HOTEL_LODGING,HETTINGER,508 3RD AVENUE SOUTH,58639,ND,45.999246,-102.636534
004-0001,200,200,80,2012,UNKNOWN,CREW CAMP,BELFIELD,UNKNOWN,58622,ND,46.869103,-103.304073
004-0003,10,10,81,2012,PRIVATE,MOBILE HOME,FAIRFIELD,UNKNOWN,58627,ND,47.125292,-103.203576
004-0004,10,10,82,2012,PRIVATE,MOBILE HOME,FAIRFIELD,UNKNOWN,58627,ND,47.127736,-103.2048
004-0005,26,26,83,2012,PRIVATE,CREW CAMP,FAIRFIELD,UNKNOWN,58627,ND,47.124257,-103.197872
004-0008,10,10,84,2012,PUBLIC,RV PARK_CAMPGROUND,FAIRFIELD,UNKNOWN,58627,ND,47.284753,-103.286924
004-0009,17,17,85,2012,PUBLIC,RV PARK_CAMPGROUND,BELFIELD,1967 HIGHWAY 85 SW,58622,ND,47.127946,-103.203025
004-0011,150,150,86,2012,PUBLIC,RV PARK_CAMPGROUND,MEDORA,250 EAST RIVER ROAD,58645,ND,46.909107,-103.52482
004-0012,4,4,87,2012,PUBLIC,MOBILE HOME,MEDORA,UNKNOWN,58645,ND,46.889963,-103.526394
027-0044,86,86,88,2013,PUBLIC,CREW CAMP,WATFORD CITY,5353 WAYZATA BLVD  STE 400,58854,ND,47.799345,-103.283109
027-0046,19,19,89,2012,PUBLIC,MOBILE HOME,ALEXANDER,202 OHIO AVENUE WEST,58831,ND,47.846077,-103.643888
027-0048,12,12,90,2012,PUBLIC,CREW CAMP,ALEXANDER,14038 HIGHWAY 85 NORTH,58831,ND,47.804867,-103.591887
027-0049,8,8,91,2012,PUBLIC,MOBILE HOME,EAST FAIRVIEW,15834 HIGHWAY 200,59221,ND,47.861627,-104.043948
029-0001,UNKNOWN,,92,2013,PUBLIC,HOTEL_LODGING,BEULAH,2100 2ND AVENUE NORTHWEST,58523,ND,47.278034,-101.781635
029-0004,14,14,93,2012,PUBLIC,MOBILE HOME,BEULAH,403 CENTRAL AVENUE SOUTH,58523,ND,47.259759,-101.778359
029-0005,8,8,94,2012,PUBLIC,RV PARK_CAMPGROUND,BEULAH,403 CENTRAL AVENUE SOUTH,58523,ND,47.259759,-101.778359
029-0006,13,13,95,2013,PUBLIC,MOBILE HOME,BEULAH,2654 AUGUSTA DRIVE,58523,ND,47.118528,-101.933471
029-0007,6,6,96,2012,PUBLIC,MOBILE HOME,HAZEN,1002 1 STREET NE,58545,ND,47.304331,-101.622673
029-0008,28,28,97,2012,PUBLIC,RV PARK_CAMPGROUND,HAZEN,146 EAST MAIN STREET,58545,ND,47.511273,-101.45342
029-0009,38,38,98,2012,PUBLIC,HOTEL_LODGING,BEULAH,1008 HIGHWAY 49 NORTH,58523,ND,47.274335,-101.783077
012-0021,4,4,99,2012,PUBLIC,RV PARK_CAMPGROUND,NOONAN,302 MAIN STREET,58765,ND,48.888026,-103.008313
012-0022,40,40,100,2012,PUBLIC,HOTEL_LODGING,CROSBY,810 4TH STREET SOUTHEAST,58730,ND,48.908125,-103.290089
012-0023,33,33,101,2013,PUBLIC,HOTEL_LODGING,CROSBY,UNKNOWN,58730,ND,48.833294,-103.272863
012-0025,10,10,102,2012,PUBLIC,RV PARK_CAMPGROUND,NOONAN,500 MAIN STREET,58765,ND,48.886501,-103.007816
013-0001,200,200,103,2012,UNKNOWN,CREW CAMP,MANNING,UNKNOWN,58642,ND,47.223298,-102.765594
013-0002,110,110,104,2012,UNKNOWN,CREW CAMP,MANNING,UNKNOWN,58642,ND,47.226442,-102.773785
013-0003,300,300,105,2012,UNKNOWN,CREW CAMP,KILLDEER,UNKNOWN,58640,ND,47.359366,-102.793123
013-0004,1650,1650,106,2012,PUBLIC,CREW CAMP,UNKNOWN,UNKNOWN,0,ND,47.020994,-102.678116
013-0005,50,50,107,2012,PRIVATE,CREW CAMP,KILLDEER,UNKNOWN,58640,ND,47.37274,-102.734077
013-0006,500,500,108,2012,PUBLIC,CREW CAMP,UNKNOWN,UNKNOWN,0,ND,47.019588,-102.807566
013-0007,300,300,109,2012,PUBLIC,CREW CAMP,KILLDEER,UNKNOWN,58640,ND,47.367162,-102.793228
013-0008,252,252,110,2012,PUBLIC,CREW CAMP,KILLDEER,UNKNOWN,58640,ND,47.363074,-102.790466
013-0009,38,38,111,2012,PRIVATE,CREW CAMP,KILLDEER,UNKNOWN,58640,ND,47.392475,-102.76605
013-0010,UNKNOWN,,112,2012,PUBLIC,RV PARK_CAMPGROUND,KILLDEER,10456 10TH ST NW,58640,ND,47.545665,-102.736099
013-0011,UNKNOWN,,113,2012,PUBLIC,RV PARK_CAMPGROUND,KILLDEER,10899 HWY 200 (5 MILES W OF KILLDEER),58640,ND,47.366778,-102.858996
013-0012,86,86,114,2012,PUBLIC,MOBILE HOME,KILLDEER,10369 HIGHWAY 200,58640,ND,47.35765,-102.748033
013-0012,6,6,115,2012,PUBLIC,RV PARK_CAMPGROUND,KILLDEER,10369 HIGHWAY 200,58640,ND,47.35765,-102.748033
013-0013,44,44,116,2012,PUBLIC,HOTEL_LODGING,KILLDEER,158 RODEO DRIVE,58640,ND,47.366597,-102.752826
013-0014,4,4,117,2013,PUBLIC,RV PARK_CAMPGROUND,DODGE,UNKNOWN,58625,ND,47.055342,-102.280794
013-0015,10,10,118,2012,PUBLIC,RV PARK_CAMPGROUND,DUNN CENTER,10509 HIGHWAY 200,58626,ND,47.354473,-102.617996
013-0016,22,22,119,2012,PUBLIC,RV PARK_CAMPGROUND,KILLDEER,10456 10 STREET NW,58640,ND,47.270173,-102.909156
013-0019,10,10,120,2012,PUBLIC,HOTEL_LODGING,HALLIDAY,681 7 STREET SW,58636,ND,47.312658,-102.42999
013-0020,24,24,121,2012,PUBLIC,RV PARK_CAMPGROUND,KILLDEER,10540 SPRING CREED ROAD,58640,ND,47.472283,-102.889533
004-0012,16,16,122,2012,PUBLIC,RV PARK_CAMPGROUND,MEDORA,UNKNOWN,58645,ND,46.889963,-103.526394
004-0014,UNKNOWN,,123,2013,PUBLIC,HOTEL_LODGING,MEDORA,75 EAST RIVER ROAD SOUTH,58645,ND,46.910584,-103.522428
004-0015,114,114,124,2013,PUBLIC,HOTEL_LODGING,MEDORA,501 PACIFIC AVENUE,58645,ND,46.765346,-103.435308
004-0016,22,22,125,2013,PUBLIC,HOTEL_LODGING,MEDORA,3100 BUFFALO GAP ROAD,58645,ND,46.765346,-103.435308
004-0017,141,141,126,2012,PUBLIC,HOTEL_LODGING,MEDORA,400 EAST RIVER ROAD,58645,ND,46.910003,-103.523983
004-0019,8,8,127,2013,PUBLIC,HOTEL_LODGING,MEDORA,3576 EAST DIVIDE ROAD,58645,ND,46.765346,-103.435308
004-0020,16,16,128,2013,PUBLIC,RV PARK_CAMPGROUND,MEDORA,3576 EAST RIVER ROAD,58645,ND,46.959609,-103.598533
004-0021,12,12,129,2013,PUBLIC,MOBILE HOME,MEDORA,UNKNOWN,58645,ND,46.765346,-103.435308
004-0022,10,10,130,2012,PUBLIC,CREW CAMP,FAIRFIELD,12970 20 STREET SW,58627,ND,47.124736,-103.328978
004-0023,76,76,131,2012,PUBLIC,HOTEL_LODGING,MEDORA,301 5TH STREET,58645,ND,46.912654,-103.521461
006-0001,13,13,132,2012,PUBLIC,MOBILE HOME,BOWMAN,UNKNOWN,58623,ND,46.106608,-103.419923
012-0008,4,4,133,2012,PRIVATE,RV PARK_CAMPGROUND,FORTUNA,UNKNOWN,58844,ND,48.948975,-103.914308
012-0009,4,4,134,2012,PRIVATE,RV PARK_CAMPGROUND,CROSBY,UNKNOWN,58730,ND,48.948686,-103.383054
012-0010,2,2,135,2012,PRIVATE,RV PARK_CAMPGROUND,FORTUNA,UNKNOWN,58844,ND,48.808232,-103.643786
012-0011,9,9,136,2012,PRIVATE,MOBILE HOME,MCGREGOR,UNKNOWN,58755,ND,48.660354,-102.922088
012-0011,1,1,137,2012,PRIVATE,RV PARK_CAMPGROUND,MCGREGOR,UNKNOWN,58755,ND,48.660354,-102.922088
012-0012,1,1,138,2012,PRIVATE,MOBILE HOME,ALAMO,UNKNOWN,58830,ND,48.665472,-103.580239
012-0012,10,10,139,2012,PRIVATE,RV PARK_CAMPGROUND,ALAMO,UNKNOWN,58830,ND,48.665472,-103.580239
012-0014,50,50,140,2012,PRIVATE,RV PARK_CAMPGROUND,CROSBY,UNKNOWN,58730,ND,48.96723,-103.405003
012-0017,4,4,141,2012,PRIVATE,RV PARK_CAMPGROUND,FORTUNA,UNKNOWN,58844,ND,48.852037,-103.663745
012-0020,5 SU,5,142,2012,PRIVATE,CREW CAMP,WILDROSE,UNKNOWN,58795,ND,48.636886,-103.325434
012-0020,10,10,143,2012,PRIVATE,RV PARK_CAMPGROUND,WILDROSE,UNKNOWN,58795,ND,48.636886,-103.325434
006-0002,40,40,144,2012,PUBLIC,HOTEL_LODGING,BOWMAN,704 HIGHWAY 12 WEST,58623,ND,46.177895,-103.405472
031-0030,22,22,145,2011,PRIVATE,RV PARK_CAMPGROUND,UNKNOWN,UNKNOWN,0,ND,48.421739,-102.661085
031-0031,2,2,146,2011,PRIVATE,MOBILE HOME,UNKNOWN,UNKNOWN,0,ND,48.421739,-102.661085
031-0032,UNKNOWN,,147,2010,UNKNOWN,CREW CAMP,PARSHALL,UNKNOWN,58770,ND,47.941402,-102.216501
031-0033,UNKNOWN,,148,2011,UNKNOWN,CREW CAMP,STANLEY,UNKNOWN,58784,ND,48.297938,-102.480573
031-0034,20,20,149,2009,UNKNOWN,RV PARK_CAMPGROUND,UNKNOWN,UNKNOWN,0,ND,48.48075,-102.423106
031-0035,1,1,150,2012,UNKNOWN,MOBILE HOME,PALERMO,379 BROADWAY STREET,58769,ND,48.339494,-102.227924
031-0036,13 SU,13,151,2010,UNKNOWN,CREW CAMP,ROSS,UNKNOWN,58776,ND,48.317198,-102.591558
031-0036,14,14,152,2010,UNKNOWN,RV PARK_CAMPGROUND,ROSS,UNKNOWN,58776,ND,48.313401,-102.600433
031-0037,8 SU,8,153,2010,UNKNOWN,CREW CAMP,ROSS,UNKNOWN,58776,ND,48.317198,-102.591558
031-0037,15,15,154,2011,UNKNOWN,MOBILE HOME,ROSS,UNKNOWN,58776,ND,48.317198,-102.591558
031-0048,1,1,155,2011,UNKNOWN,MOBILE HOME,NEW TOWN,UNKNOWN,58763,ND,47.978703,-102.402674
031-0049,1,1,156,2011,UNKNOWN,MOBILE HOME,PALERMO,UNKNOWN,58769,ND,48.33931,-102.227045
031-0050,1,1,157,2010,UNKNOWN,MOBILE HOME,PALERMO,UNKNOWN,58769,ND,48.339441,-102.227045
031-0051,25,25,158,2010,UNKNOWN,RV PARK_CAMPGROUND,ROSS,9092 62 STREET NW,58776,ND,48.317206,-102.589792
031-0052,25,25,159,2010,UNKNOWN,RV PARK_CAMPGROUND,ROSS,9092 62 STREET NW,58776,ND,48.314924,-102.590219
031-0053,60,60,160,2010,UNKNOWN,RV PARK_CAMPGROUND,ROSS,9092 62 STREET NW,58776,ND,48.314924,-102.590219
031-0054,1,1,161,2012,UNKNOWN,MOBILE HOME,PALERMO,UNKNOWN,58769,ND,48.33872,-102.228662
031-0055,60,60,162,2008,UNKNOWN,CREW CAMP,STANLEY,UNKNOWN,58784,ND,48.306685,-102.441858
031-0056,24,24,163,2010,UNKNOWN,CREW CAMP,NEW TOWN,4499 HWY 8,58763,ND,48.06509,-102.370181
031-0057,UNKNOWN,,164,2011,UNKNOWN,CREW CAMP,BERTHOLD,UNKNOWN,58718,ND,48.334487,-101.976306
031-0058,8 SU,8,165,2010,UNKNOWN,CREW CAMP,STANLEY,UNKNOWN,58784,ND,48.326455,-102.301347
031-0037,54,8,166,2011,UNKNOWN,RV PARK_CAMPGROUND,ROSS,UNKNOWN,58776,ND,48.317198,-102.591558
031-0038,1,1,167,2011,UNKNOWN,MOBILE HOME,PALERMO,UNKNOWN,58769,ND,48.338734,-102.232573
031-0039,12,12,168,2010,UNKNOWN,MOBILE HOME,UNKNOWN,UNKNOWN,0,ND,48.370357,-102.362132
031-0040,12,12,169,2008,UNKNOWN,CREW CAMP,STANLEY,UNKNOWN,58784,ND,48.326564,-102.30134
031-0041,UNKNOWN,,170,2011,UNKNOWN,CREW CAMP,STANLEY,UNKNOWN,58784,ND,48.327754,-102.337903
031-0042,1,1,171,2008,PRIVATE,MOBILE HOME,UNKNOWN,UNKNOWN,0,ND,48.152923,-102.247342
031-0043,2 APART,2,172,2011,UNKNOWN,HOTEL_LODGING,PALERMO,UNKNOWN,58769,ND,48.342767,-102.238992
031-0044,23,23,173,2011,UNKNOWN,MOBILE HOME,PALERMO,UNKNOWN,58769,ND,48.342767,-102.238992
031-0045,23,23,174,2011,UNKNOWN,MOBILE HOME,STANLEY,UNKNOWN,58784,ND,48.357167,-102.391623
031-0046,9,9,175,2011,UNKNOWN,CREW CAMP,UNKNOWN,UNKNOWN,0,ND,48.456766,-102.593634
031-0047,15,15,176,2011,UNKNOWN,RV PARK_CAMPGROUND,UNKNOWN,UNKNOWN,0,ND,48.456766,-102.593634
029-0011,8,8,177,2013,PUBLIC,MOBILE HOME,BEULAH,UNKNOWN,58523,ND,47.118528,-101.933471
031-0001,16 SU,10,178,2011,UNKNOWN,CREW CAMP,ROSS,6350 93RD AVE NW,58776,ND,48.317487,-102.591628
031-0001,3,3,179,2011,UNKNOWN,MOBILE HOME,ROSS,6350 93RD AVE NW,58776,ND,48.317487,-102.591628
031-0002,1,1,180,2012,UNKNOWN,MOBILE HOME,PALERMO,7680 OLD HWY 2,58769,ND,48.341588,-102.285109
031-0003,5,5,181,2010,PRIVATE,MOBILE HOME,UNKNOWN,UNKNOWN,0,ND,48.487864,-102.525051
031-0003,10,10,182,2010,PRIVATE,RV PARK_CAMPGROUND,UNKNOWN,UNKNOWN,0,ND,48.487864,-102.525051
031-0004,10 SU,10,183,2010,PUBLIC,CREW CAMP,NEW TOWN,4248 83RD AVE NW,58763,ND,48.032975,-102.416244
031-0004,4,4,184,2011,PUBLIC,RV PARK_CAMPGROUND,NEW TOWN,4248 83RD AVE NW,58763,ND,48.032083,-102.415997
031-0005,UNKNOWN,,185,2011,UNKNOWN,MOBILE HOME,UNKNOWN,UNKNOWN,0,ND,48.065122,-102.350776
031-0006,6,6,186,2010,PRIVATE,MOBILE HOME,STANLEY,UNKNOWN,58784,ND,48.309785,-102.591435
031-0006,20,20,187,2010,PRIVATE,RV PARK_CAMPGROUND,STANLEY,UNKNOWN,58784,ND,48.309785,-102.591435
031-0007,2,2,188,2011,UNKNOWN,MOBILE HOME,PALERMO,UNKNOWN,58769,ND,48.338318,-102.230133
029-0012,6,6,189,2013,PUBLIC,MOBILE HOME,GOLDEN VALLEY,31 COUNTY 5 SOUTH,58541,ND,47.284889,-102.05986
029-0013,6,6,190,2013,PUBLIC,RV PARK_CAMPGROUND,GOLDEN VALLEY,31 COUNTY 5 SOUTH,58541,ND,47.284889,-102.05986
029-0014,57,57,191,2012,PUBLIC,HOTEL_LODGING,HAZEN,707 8TH AVENUE NORTHEAST,58545,ND,47.299362,-101.611578
029-0017,23,23,192,2012,PUBLIC,MOBILE HOME,BEULAH,541 55 AVENUE NE,58523,ND,47.458549,-101.716238
029-0018,3,3,193,2013,PUBLIC,MOBILE HOME,BEULAH,UNKNOWN,58523,ND,47.118528,-101.933471
029-0019,7,7,194,2012,PUBLIC,MOBILE HOME,BEULAH,105 HIGHWAY 49 SOUTH,58523,ND,47.263152,-101.785762
029-0020,3,3,195,2012,PUBLIC,MOBILE HOME,BEULAH,2ND AVENUE NE,58523,ND,47.267002,-101.774937
029-0020,51,51,196,2012,PUBLIC,RV PARK_CAMPGROUND,BEULAH,2ND AVENUE NE,58523,ND,47.267002,-101.774937
029-0021,37,37,197,2012,PUBLIC,RV PARK_CAMPGROUND,HAZEN,622 2ND AVENUE NW,58545,ND,47.298023,-101.626153
029-0022,7,7,198,2012,PUBLIC,MOBILE HOME,HAZEN,402 3 STREET NW,58545,ND,47.29551,-101.630243
029-0023,19,19,199,2012,PUBLIC,RV PARK_CAMPGROUND,ZAP,UNKNOWN,58580,ND,47.285602,-101.926542
031-0009,26,26,200,2010,UNKNOWN,CREW CAMP,ROSS,UNKNOWN,58776,ND,48.321504,-102.54699
031-0010,UNKNOWN,,201,2011,PRIVATE,CREW CAMP,BLAISDELL,UNKNOWN,58718,ND,48.32121,-102.074889
031-0011,UNKNOWN,,202,2011,UNKNOWN,RV PARK_CAMPGROUND,STANLEY,UNKNOWN,58784,ND,48.320987,-102.312424
031-0012,100,100,203,2011,UNKNOWN,RV PARK_CAMPGROUND,STANLEY,UNKNOWN,58784,ND,48.313473,-102.053197
031-0013,21,21,204,2010,UNKNOWN,RV PARK_CAMPGROUND,ROSS,111 3RD STREET EAST,58776,ND,48.312518,-102.539704
031-0014,2,2,205,2011,PUBLIC,MOBILE HOME,STANLEY,7890 51ST STREET NW,58784,ND,48.15361,-102.354575
031-0015,1,1,206,2010,UNKNOWN,MOBILE HOME,PALERMO,UNKNOWN,58769,ND,48.339235,-102.225544
031-0016,100,100,207,2009,UNKNOWN,CREW CAMP,STANLEY,UNKNOWN,58784,ND,48.328322,-102.338867
031-0017,UNKNOWN,,208,2008,UNKNOWN,CREW CAMP,UNKNOWN,UNKNOWN,0,ND,48.102788,-102.229738
031-0018,UNKNOWN,,209,2011,UNKNOWN,CREW CAMP,ROSS,UNKNOWN,58776,ND,48.306117,-102.568251
031-0019,10,10,210,2010,UNKNOWN,RV PARK_CAMPGROUND,STANLEY,UNKNOWN,58784,ND,48.431305,-102.390586
031-0020,5,5,211,2011,UNKNOWN,RV PARK_CAMPGROUND,UNKNOWN,UNKNOWN,0,ND,47.972596,-101.93569
031-0021,UNKNOWN,,212,2008,UNKNOWN,MOBILE HOME,ROSS,UNKNOWN,58784,ND,48.314257,-102.528572
031-0022,UNKNOWN,,213,2012,UNKNOWN,CREW CAMP,BLAISDELL,UNKNOWN,58718,ND,48.334472,-102.084149
031-0023,6 SU,6,214,2010,PUBLIC,CREW CAMP,NEW TOWN,4223 HIGHWAY 8,58763,ND,48.024157,-102.351466
031-0023,18,18,215,2010,PUBLIC,RV PARK_CAMPGROUND,NEW TOWN,4223 HIGHWAY 8,58763,ND,48.024157,-102.351466
031-0024,10,10,216,2010,UNKNOWN,RV PARK_CAMPGROUND,PALERMO,UNKNOWN,58769,ND,48.327199,-102.245159
031-0025,UNKNOWN,,217,2008,UNKNOWN,MOBILE HOME,PALERMO,UNKNOWN,58769,ND,48.323588,-102.245218
031-0026,1,1,218,2010,UNKNOWN,MOBILE HOME,PALERMO,UNKNOWN,58769,ND,48.337979,-102.226426
031-0027,260,260,219,2010,UNKNOWN,MOBILE HOME,UNKNOWN,UNKNOWN,0,ND,48.320117,-102.666595
031-0028,1,1,220,2011,UNKNOWN,MOBILE HOME,PALERMO,UNKNOWN,58769,ND,48.338129,-102.230133
031-0029,20,20,221,2011,UNKNOWN,RV PARK_CAMPGROUND,POWERS LAKE,UNKNOWN,58773,ND,48.50384,-102.593651
045-0039,6,6,222,2012,PUBLIC,HOTEL_LODGING,RICHARDTON,358 NORTH AVENUE EAST,58652,ND,46.883399,-102.312484
045-0040,5,5,223,2013,PUBLIC,MOBILE HOME,TAYLOR,120 CHESNUT AVE,58656,ND,46.902309,-102.419495
045-0041,59,59,224,2012,PUBLIC,HOTEL_LODGING,DICKINSON,1114 15 AVENUE WEST,58601,ND,46.892465,-102.80749
045-0042,10,10,225,2012,PUBLIC,MOBILE HOME,DICKINSON,46 9 AVENUE EAST,58601,ND,46.878888,-102.770908
045-0042,10,10,226,2012,PUBLIC,RV PARK_CAMPGROUND,DICKINSON,46 9 AVENUE EAST,58601,ND,46.878888,-102.770908
045-0043,59,59,227,2013,PUBLIC,HOTEL_LODGING,DICKINSON,2071 ROSE CREEK BLVD S,58601,ND,46.87765,-102.788702
045-0044,8,8,228,2013,PUBLIC,MOBILE HOME,TAYLOR,UNKNOWN,58656,ND,46.904996,-102.415879
045-0045,54,54,229,2012,PUBLIC,HOTEL_LODGING,DICKINSON,529 12 STREET WEST,58601,ND,46.89398,-102.792612
045-0046,13,13,230,2012,PUBLIC,MOBILE HOME,DICKINSON,4292 116 AVENUE SW,58601,ND,46.790471,-102.893856
053-0001,5,5,231,2011,UNKNOWN,CREW CAMP,WILLISTON,UNKNOWN,0,ND,48.118614,-103.726033
053-0002,180,180,232,2011,UNKNOWN,MOBILE HOME,UNKNOWN,UNKNOWN,0,ND,48.317989,-103.052422
053-0003,111,111,233,2011,UNKNOWN,CREW CAMP,WILLISTON,UNKNOWN,0,ND,48.217157,-103.630142
053-0004,116,116,234,2011,UNKNOWN,CREW CAMP,WILLISTON,UNKNOWN,0,ND,48.216243,-103.628934
053-0005,200,200,235,2010,UNKNOWN,CREW CAMP,WILLISTON,UNKNOWN,0,ND,48.221032,-103.623447
053-0006,526,526,236,2011,PUBLIC,CREW CAMP,WILLISTON,UNKNOWN,0,ND,48.221087,-103.623453
053-0007,374,374,237,2011,PUBLIC,CREW CAMP,WILLISTON,UNKNOWN,0,ND,48.222629,-103.624133
053-0008,32,32,238,2011,UNKNOWN,RV PARK_CAMPGROUND,WILLISTON,UNKNOWN,0,ND,48.210307,-103.656472
053-0009,20,20,239,2011,UNKNOWN,MOBILE HOME,UNKNOWN,UNKNOWN,0,ND,48.141562,-103.910432
053-0010,7,7,240,2011,UNKNOWN,MOBILE HOME,WILLISTON,UNKNOWN,0,ND,48.228477,-103.609078
053-0011,2,2,241,2010,UNKNOWN,MOBILE HOME,TRENTON,UNKNOWN,58853,ND,48.142829,-103.849794
053-0012,15,15,242,2011,UNKNOWN,CREW CAMP,TRENTON,UNKNOWN,58853,ND,48.141762,-103.843845
053-0013,6,6,243,2010,UNKNOWN,MOBILE HOME,WILLISTON,UNKNOWN,0,ND,48.137421,-103.715261
031-0059,UNKNOWN,,244,2012,PUBLIC,RV PARK_CAMPGROUND,PLAZA,UNKNOWN,58771,ND,48.028138,-101.964197
031-0060,UNKNOWN,,245,2012,PUBLIC,RV PARK_CAMPGROUND,STANLEY,7830 77TH AVENUE NW,58784,ND,48.550652,-102.342349
031-0061,50,50,246,2012,PUBLIC,HOTEL_LODGING,STANLEY,635 DANUBE AVENUE,58784,ND,48.364394,-102.391531
031-0062,24,24,247,2013,PUBLIC,CREW CAMP,ROSS,6230 91 AVENUE NW,58776,ND,48.316853,-102.590594
031-0062,30,30,248,2012,PUBLIC,CREW CAMP,ROSS,6230 91 AVENUE NW,58776,ND,48.316853,-102.590594
031-0063,75,75,249,2012,PUBLIC,RV PARK_CAMPGROUND,WHITE EARTH,301 MCTAVISH LANE,58794,ND,48.378149,-102.774521
031-0064,10,10,250,2012,PUBLIC,RV PARK_CAMPGROUND,WHITE EARTH,314 MCTAVISH AVENUE,58794,ND,48.377694,-102.774514
031-0066,8,8,251,2013,PUBLIC,MOBILE HOME,PLAZA,UNKNOWN,58771,ND,48.104551,-101.992954
031-0067,7,7,252,2012,PUBLIC,RV PARK_CAMPGROUND,PALERMO,340 BROADWAY,58769,ND,48.33958,-102.227601
031-0069,4,4,253,2012,PUBLIC,RV PARK_CAMPGROUND,PALERMO,147 INDIANA STREET,58769,ND,48.339642,-102.224449
031-0070,20,20,254,2012,PUBLIC,RV PARK_CAMPGROUND,STANLEY,6120 HIGHWAY 8,58784,ND,48.301799,-102.375073
031-0071,24,24,255,2012,PUBLIC,RV PARK_CAMPGROUND,STANLEY,214 12TH AVE SW,58784,ND,48.306972,-102.389795
031-0072,32,32,256,2012,PUBLIC,MOBILE HOME,NEW TOWN,350 EAST AVENUE #21,58763,ND,47.983035,-102.482901
031-0073,4,4,257,2012,PUBLIC,MOBILE HOME,STANLEY,3010 BISON COURT,58784,ND,48.364394,-102.391531
031-0074,19,19,258,2013,PUBLIC,RV PARK_CAMPGROUND,STANLEY,7925 62 STREET NW,58784,ND,48.3127,-102.341439
031-0075,UNKNOWN,,259,2013,PUBLIC,HOTEL_LODGING,STANLEY,901 JARARD STREET,58784,ND,48.364394,-102.391531
031-0076,46,46,260,2012,PUBLIC,MOBILE HOME,NEW TOWN,3955 89TH AVENUE NORTHEAST,58763,ND,47.97375,-102.493534
031-0076,61,61,261,2012,PUBLIC,RV PARK_CAMPGROUND,NEW TOWN,3955 89TH AVENUE NORTHEAST,58763,ND,47.97375,-102.493534
031-0077,60,60,262,2012,PUBLIC,RV PARK_CAMPGROUND,PARSHALL,7984 35TH ST,58770,ND,47.919771,-102.288127
031-0078,27,27,263,2012,PUBLIC,HOTEL_LODGING,PARSHALL,205 MAIN STREET NORTH,58770,ND,47.956607,-102.133494
031-0079,114,114,264,2012,PUBLIC,RV PARK_CAMPGROUND,PARSHALL,3820 72 AVENUE NW,58770,ND,47.74638,-102.124197
031-0081,358,358,265,2012,PUBLIC,CREW CAMP,STANLEY,400 INVERNESS PKWY  STE 200,58784,ND,48.364394,-102.391531
031-0084,3,3,266,2012,PUBLIC,RV PARK_CAMPGROUND,WHITE EARTH,118 SOUTH HILL STREET,58794,ND,48.38029,-102.773511
031-0085,96,96,267,2012,PUBLIC,CREW CAMP,STANLEY,930 4 STREET WEST,58784,ND,48.308916,-102.396683
031-0086,60,60,268,2013,PUBLIC,CREW CAMP,STANLEY,8116 61 STREET NW  LOT 4,58784,ND,48.298145,-102.378885
031-0087,40,40,269,2012,PUBLIC,CREW CAMP,STANLEY,913 4 STREET SW,58784,ND,48.308985,-102.39684
031-0089,20,20,270,2012,PUBLIC,RV PARK_CAMPGROUND,STANLEY,MAIN STREET,58784,ND,48.312648,-102.390488
031-0090,14,14,271,2012,PUBLIC,MOBILE HOME,STANLEY,4 6TH AVENUE SW,58784,ND,48.312594,-102.390542
031-0091,21,21,272,2012,PUBLIC,HOTEL_LODGING,NEW TOWN,502 1ST ST NE,58763,ND,47.980611,-102.482583
031-0091,8,8,273,2012,PUBLIC,RV PARK_CAMPGROUND,NEW TOWN,502 1ST ST NE,58763,ND,47.980611,-102.482583
031-0092,26,26,274,2012,PUBLIC,MOBILE HOME,STANLEY,4 5TH AVE S,58784,ND,48.314254,-102.39602
031-0093,30,30,275,2013,PUBLIC,RV PARK_CAMPGROUND,WHITE EARTH,53 WHITE EARTH ROAD,58794,ND,48.38043061,-102.773275
031-0094,14,14,276,2013,PUBLIC,RV PARK_CAMPGROUND,WHITE EARTH,6644 100 1/2 AVENUE NW,58794,ND,48.38043061,-102.773275
031-0095,15,15,277,2012,PUBLIC,HOTEL_LODGING,NEW TOWN,708 1ST STREET NORTH,58763,ND,47.980605,-102.478204
045-0001,UNKNOWN,,278,2013,PUBLIC,HOTEL_LODGING,DICKINSON,229 15 STREET WEST,58601,ND,46.898489,-102.787871
045-0002,97,97,279,2012,PUBLIC,HOTEL_LODGING,DICKINSON,363 15 STREET WEST,58601,ND,46.897911,-102.79125
045-0003,18,18,280,2012,PUBLIC,MOBILE HOME,BELFIELD,205 4 STREET NW,58622,ND,46.887072,-103.203697
045-0004,20,20,281,2012,PUBLIC,RV PARK_CAMPGROUND,BELFIELD,404 2 STREET SE,58622,ND,46.879994,-103.199296
045-0005,UNKNOWN,,282,2013,PUBLIC,HOTEL_LODGING,DICKINSON,475 15 STREET WEST,58601,ND,46.898841,-102.793359
045-0006,16,16,283,2012,PUBLIC,RV PARK_CAMPGROUND,SOUTH HEART,91 2 STREET SW,58655,ND,46.861812,-102.988702
045-0007,40,40,284,2012,PUBLIC,MOBILE HOME,BELFIELD,301 HIGHWAY 10 WEST,58622,ND,46.890753,-103.20163
045-0008,58,58,285,2012,PUBLIC,RV PARK_CAMPGROUND,DICKINSON,387 SOUTH STAE AVENUE,58601,ND,46.87114,-102.8106
045-0009,70,70,286,2012,PUBLIC,MOBILE HOME,DICKINSON,1156 21 STREET WEST,58601,ND,46.905176,-102.801262
045-0010,UNKNOWN,,287,2013,PUBLIC,HOTEL_LODGING,DICKINSON,493 ELKS DRIVE,58601,ND,46.898154,-102.795798
045-0011,30,30,288,2012,PUBLIC,MOBILE HOME,DICKINSON,1463 I-94 EAST,58601,ND,46.876977,-102.622359
045-0012,9,9,289,2012,PUBLIC,HOTEL_LODGING,DICKINSON,10425 47 STREET SW,58601,ND,46.731446,-102.648804
045-0013,22,22,290,2012,PUBLIC,HOTEL_LODGING,BELFIELD,406 HIGHWAY 10 EAST,58622,ND,46.890593,-103.193779
045-0014,4,4,291,2013,PUBLIC,RV PARK_CAMPGROUND,GLADSTONE,UNKNOWN,58630,ND,46.834606,-102.550867
045-0015,50,50,292,2013,PUBLIC,RV PARK_CAMPGROUND,BELFIELD,UNKNOWN,58622,ND,46.845986,-103.156625
045-0017,77,77,293,2013,PUBLIC,HOTEL_LODGING,DICKINSON,100 14 STREET WEST,58601,ND,46.898045,-102.785238
045-0018,250,250,294,2012,PUBLIC,RV PARK_CAMPGROUND,DICKINSON,140 8TH STREET SE,58601,ND,46.861494,-102.787481
045-0019,7,7,295,2012,PUBLIC,MOBILE HOME,TAYLOR,207 WEST MAIN STREET,58656,ND,46.900238,-102.419227
045-0019,4,4,296,2012,PUBLIC,RV PARK_CAMPGROUND,TAYLOR,207 WEST MAIN STREET,58656,ND,46.900238,-102.419227
045-0020,UNKNOWN,,297,2013,PUBLIC,HOTEL_LODGING,DICKINSON,103 14 STREET WEST,58601,ND,46.897297,-102.785334
045-0021,7,7,298,2012,PUBLIC,MOBILE HOME,TAYLOR,133 EAST MAIN STREET,58656,ND,46.900238,-102.419227
045-0023,79,79,299,2012,PUBLIC,HOTEL_LODGING,DICKINSON,552 12 STREET WEST,58601,ND,46.894757,-102.792184
045-0025,UNKNOWN,,300,2013,PUBLIC,HOTEL_LODGING,DICKINSON,1597 6 AVENUE WEST,58601,ND,46.900268,-102.795838
045-0027,28,28,301,2012,PUBLIC,HOTEL_LODGING,DICKINSON,600 EAST VILLARD,58601,ND,46.878041,-102.776493
045-0029,12,12,302,2012,PUBLIC,CREW CAMP,BELFIELD,935 1/2 HIGHWAY 10,58622,ND,46.890809,-103.183711
045-0030,UNKNOWN,,303,2013,PUBLIC,HOTEL_LODGING,DICKINSON,1000 WEST VILLARD,58601,ND,46.879142,-102.800133
045-0032,40,40,304,2012,PUBLIC,MOBILE HOME,DICKINSON,1104 3 AVENUE WEST,58601,ND,46.892377,-102.789679
045-0033,12,12,305,2012,PUBLIC,HOTEL_LODGING,BELFIELD,101 EAST HIGHWAY 10,58622,ND,46.890748,-103.198343
045-0035,10,10,306,2013,PUBLIC,RV PARK_CAMPGROUND,SOUTH HEART,126 BROADWAY STREET,58654,ND,46.851903,-103.744478
045-0036,119,119,307,2012,PUBLIC,HOTEL_LODGING,DICKINSON,71 MUSEUM DRIVE,58601,ND,46.89387,-102.786198
045-0037,30,30,308,2012,PUBLIC,HOTEL_LODGING,DICKINSON,1108 W VILLARD,58601,ND,46.879143,-102.801716
045-0038,192,192,309,2012,PUBLIC,HOTEL_LODGING,DICKINSON,532 15 STREET WEST,58601,ND,46.899213,-102.794661
053-0064,24,24,310,2012,UNKNOWN,CREW CAMP,WILLISTON,UNKNOWN,0,ND,48.252297,-103.55409
053-0065,6,6,311,2011,UNKNOWN,RV PARK_CAMPGROUND,WILLISTON,UNKNOWN,0,ND,48.169776,-103.727289
053-0066,420,420,312,2011,UNKNOWN,CREW CAMP,WILLISTON,UNKNOWN,0,ND,48.251894,-103.622742
053-0067,24,24,313,2011,UNKNOWN,CREW CAMP,WILLISTON,5121 141 AVENUE NW,58801,ND,48.157198,-103.737889
053-0069,31,31,314,2011,UNKNOWN,RV PARK_CAMPGROUND,WILLISTON,UNKNOWN,0,ND,48.225371,-103.588047
053-0070,32,32,315,2011,UNKNOWN,RV PARK_CAMPGROUND,WILLISTON,UNKNOWN,0,ND,48.223987,-103.583855
053-0071,2,2,316,2010,UNKNOWN,MOBILE HOME,WILLISTON,UNKNOWN,0,ND,48.141263,-103.844206
053-0072,25,25,317,2011,UNKNOWN,CREW CAMP,UNKNOWN,UNKNOWN,0,ND,48.340212,-103.022356
053-0073,48,48,318,2010,UNKNOWN,CREW CAMP,WILLISTON,UNKNOWN,0,ND,48.141354,-103.754593
053-0074,12,12,319,2011,UNKNOWN,RV PARK_CAMPGROUND,WILLISTON,UNKNOWN,0,ND,48.142211,-103.722386
053-0086,3,3,320,2011,UNKNOWN,MOBILE HOME,WILLISTON,UNKNOWN,0,ND,48.148907,-103.693016
053-0087,180,180,321,2011,PUBLIC,RV PARK_CAMPGROUND,WILLISTON,13580 59 STREET NW,0,ND,48.268868,-103.619952
053-0088,8,8,322,2011,UNKNOWN,MOBILE HOME,WILLISTON,UNKNOWN,0,ND,48.227007,-103.621519
053-0089,892,892,323,2011,PUBLIC,CREW CAMP,TIOGA,UNKNOWN,58852,ND,48.340306,-103.029067
053-0090,20,20,324,2011,UNKNOWN,CREW CAMP,WILLISTON,UNKNOWN,0,ND,48.287898,-103.598827
053-0091,12,12,325,2010,UNKNOWN,MOBILE HOME,WILLISTON,UNKNOWN,0,ND,48.122254,-103.725821
053-0092,89,89,326,2011,UNKNOWN,CREW CAMP,TIOGA,UNKNOWN,58852,ND,48.346093,-102.909764
053-0092,7,7,327,2011,UNKNOWN,RV PARK_CAMPGROUND,TIOGA,UNKNOWN,58852,ND,48.346093,-102.909764
053-0093,2,2,328,2011,UNKNOWN,MOBILE HOME,WILLISTON,UNKNOWN,0,ND,48.227293,-103.574504
053-0094,6,6,329,2012,PUBLIC,RV PARK_CAMPGROUND,RAY,5208 112 AVENUE NW,58849,ND,48.168632,-103.108777
053-0095,148,148,330,2013,PUBLIC,HOTEL_LODGING,WILLISTON,1301 WEST OMAHA ST. STE 108,58801,ND,48.293851,-103.694446
053-0075,44,44,331,2010,PUBLIC,CREW CAMP,TIOGA,6552 HIGHWAY 40,58852,ND,48.364784,-102.931915
053-0076,9,9,332,2011,UNKNOWN,RV PARK_CAMPGROUND,WILLISTON,UNKNOWN,0,ND,48.147381,-103.693424
053-0077,2,2,333,2010,UNKNOWN,CREW CAMP,WILLISTON,UNKNOWN,0,ND,48.147884,-103.541573
053-0078,13,13,334,2010,UNKNOWN,CREW CAMP,WILLISTON,UNKNOWN,0,ND,48.147601,-103.541774
053-0079,50,50,335,2010,UNKNOWN,MOBILE HOME,WILLISTON,UNKNOWN,0,ND,48.150041,-103.69041
053-0080,18,18,336,2010,UNKNOWN,MOBILE HOME,WILLISTON,UNKNOWN,0,ND,48.147618,-103.689259
053-0081,34,34,337,2011,UNKNOWN,MOBILE HOME,UNKNOWN,UNKNOWN,0,ND,48.17312539,-103.161881
053-0082,343,343,338,2011,PUBLIC,CREW CAMP,TRENTON,14505 HIGHWAY 1804,58853,ND,48.077934,-103.818243
053-0083,60,60,339,2011,UNKNOWN,CREW CAMP,WILLISTON,UNKNOWN,0,ND,48.123024,-103.726624
053-0084,25,25,340,2011,UNKNOWN,CREW CAMP,WILLISTON,UNKNOWN,58501,ND,48.122733,-103.730364
053-0085,3,3,341,2010,UNKNOWN,MOBILE HOME,WILLISTON,UNKNOWN,0,ND,48.183331,-103.818188
053-0014,56,56,342,2011,UNKNOWN,MOBILE HOME,WILLISTON,UNKNOWN,0,ND,48.228498,-103.609764
053-0025,60,60,343,2010,UNKNOWN,MOBILE HOME,EPPING,UNKNOWN,58843,ND,48.283189,-103.407894
053-0026,20,20,344,2010,UNKNOWN,CREW CAMP,WILLISTON,UNKNOWN,0,ND,48.142741,-103.700145
053-0027,12,12,345,2011,UNKNOWN,CREW CAMP,WILLISTON,UNKNOWN,0,ND,48.118599,-103.724675
053-0028,3,3,346,2011,UNKNOWN,MOBILE HOME,WILLISTON,UNKNOWN,0,ND,48.137783,-103.713783
053-0029,48,48,347,2010,UNKNOWN,RV PARK_CAMPGROUND,WILLISTON,UNKNOWN,0,ND,48.170668,-103.921746
053-0030,16,16,348,2010,UNKNOWN,MOBILE HOME,UNKNOWN,UNKNOWN,0,ND,48.132664,-103.950182
053-0031,8,8,349,2011,UNKNOWN,RV PARK_CAMPGROUND,UNKNOWN,UNKNOWN,0,ND,48.569406,-103.589699
053-0035,4,4,350,2010,UNKNOWN,CREW CAMP,WILLISTON,UNKNOWN,0,ND,48.120585,-103.725269
053-0036,5,5,351,2011,UNKNOWN,MOBILE HOME,WILLISTON,UNKNOWN,0,ND,48.12226,-103.72579
053-0037,3,3,352,2010,UNKNOWN,MOBILE HOME,WILLISTON,UNKNOWN,0,ND,48.138494,-103.697766
007-0014,6,6,353,2012,PUBLIC,RV PARK_CAMPGROUND,LIGNITE,306 KING STREET,58752,ND,48.876312,-102.567984
053-0015,58,58,354,2011,UNKNOWN,CREW CAMP,WILLISTON,UNKNOWN,0,ND,48.175991,-103.770239
053-0016,16,16,355,2010,UNKNOWN,MOBILE HOME,WILLISTON,UNKNOWN,0,ND,48.14219,-103.722358
053-0017,100,100,356,2011,UNKNOWN,CREW CAMP,WILLISTON,14051 HIGHWAY 2 WEST,58801,ND,48.142397,-103.722708
053-0018,276,276,357,2011,UNKNOWN,MOBILE HOME,UNKNOWN,UNKNOWN,0,ND,48.343652,-103.038928
053-0019,6,6,358,2011,UNKNOWN,MOBILE HOME,WILLISTON,UNKNOWN,0,ND,48.312873,-103.613741
053-0020,8,8,359,2011,UNKNOWN,RV PARK_CAMPGROUND,UNKNOWN,UNKNOWN,0,ND,48.34274,-102.935051
053-0021,8,8,360,2011,UNKNOWN,CREW CAMP,WILLISTON,UNKNOWN,0,ND,48.141658,-103.716914
053-0021,2,2,361,2011,UNKNOWN,MOBILE HOME,WILLISTON,UNKNOWN,0,ND,48.141658,-103.716914
053-0021,30,30,362,2011,UNKNOWN,RV PARK_CAMPGROUND,WILLISTON,UNKNOWN,0,ND,48.141658,-103.716914
053-0022,248,248,363,2010,UNKNOWN,CREW CAMP,WILLISTON,UNKNOWN,0,ND,48.24668,-103.622414
053-0023,60,60,364,2010,UNKNOWN,CREW CAMP,WILLISTON,UNKNOWN,0,ND,48.24668,-103.622414
053-0038,450,450,365,2011,UNKNOWN,CREW CAMP,WILLISTON,UNKNOWN,0,ND,48.258476,-103.615888
053-0039,15,15,366,2011,UNKNOWN,CREW CAMP,TIOGA,UNKNOWN,58852,ND,48.28326,-102.912238
053-0040,6,6,367,2011,UNKNOWN,MOBILE HOME,WILLISTON,UNKNOWN,0,ND,48.138972,-103.717496
053-0041,10,10,368,2013,PUBLIC,RV PARK_CAMPGROUND,WILLISTON,5057 141 AVENUE NW,58801,ND,48.147421,-103.738171
053-0045,28,28,369,2011,UNKNOWN,MOBILE HOME,WILLISTON,UNKNOWN,0,ND,48.24364,-103.643285
053-0046,9,9,370,2011,UNKNOWN,RV PARK_CAMPGROUND,UNKNOWN,UNKNOWN,0,ND,48.184406,-103.041037
053-0048,6,6,371,2011,UNKNOWN,RV PARK_CAMPGROUND,WILLISTON,UNKNOWN,0,ND,48.146332,-103.85531
053-0049,24,24,372,2011,UNKNOWN,CREW CAMP,WILLISTON,UNKNOWN,0,ND,48.144855,-103.672507
053-0050,48,48,373,2011,UNKNOWN,CREW CAMP,WILLISTON,UNKNOWN,0,ND,48.172283,-103.767367
053-0051,16,16,374,2010,UNKNOWN,MOBILE HOME,TIOGA,UNKNOWN,58852,ND,48.400639,-103.063672
053-0052,UNKNOWN,,375,2012,UNKNOWN,CREW CAMP,WILLISTON,UNKNOWN,0,ND,48.136697,-103.857786
053-0053,216,216,376,2011,UNKNOWN,CREW CAMP,WILLISTON,UNKNOWN,0,ND,48.246594,-103.622273
053-0054,152,152,377,2011,UNKNOWN,CREW CAMP,WILLISTON,UNKNOWN,0,ND,48.246594,-103.622273
053-0055,350,350,378,2011,UNKNOWN,CREW CAMP,WILLISTON,UNKNOWN,0,ND,48.246594,-103.622273
053-0056,20,20,379,2010,UNKNOWN,CREW CAMP,WILLISTON,UNKNOWN,0,ND,48.187215,-103.772895
053-0057,30,30,380,2011,UNKNOWN,RV PARK_CAMPGROUND,WILLISTON,UNKNOWN,0,ND,48.123268,-103.535218
053-0058,8,8,381,2011,UNKNOWN,RV PARK_CAMPGROUND,TRENTON,UNKNOWN,58853,ND,48.059787,-103.857894
053-0059,20,20,382,2011,UNKNOWN,RV PARK_CAMPGROUND,UNKNOWN,UNKNOWN,0,ND,48.169624,-103.131548
053-0060,151,151,383,2011,UNKNOWN,MOBILE HOME,TRENTON,UNKNOWN,58853,ND,48.060101,-103.857009
053-0061,343,343,384,2012,UNKNOWN,CREW CAMP,TRENTON,UNKNOWN,58853,ND,48.074204,-103.834025
053-0062,3,3,385,2010,UNKNOWN,MOBILE HOME,WILLISTON,UNKNOWN,0,ND,48.227716,-103.718028
053-0063,UNKNOWN,,386,2012,UNKNOWN,CREW CAMP,WILLISTON,UNKNOWN,0,ND,48.214292,-103.62448
007-0004,10,10,387,2012,UNKNOWN,CREW CAMP,KENMARE,8321 79TH AVE NW,58746,ND,48.619062,-102.386183
007-0005,25,25,388,2012,PUBLIC,RV PARK_CAMPGROUND,POWERS LAKE, 200 LAKESIDE AVE E,58773,ND,48.558916,-102.64443
007-0007,10,10,389,2012,PUBLIC,MOBILE HOME,BOWBELLS,RAILWAY STREET,58721,ND,48.80395937,-102.250124
007-0008,6,6,390,2012,PUBLIC,RV PARK_CAMPGROUND,COLUMBUS,211 4TH AVENUE EAST,58727,ND,48.905114,-102.778868
007-0009,50,50,391,2012,PUBLIC,RV PARK_CAMPGROUND,COLUMBUS,505 PARSONS STREET,58727,ND,48.905129,-102.782362
007-0010,20,20,392,2013,PUBLIC,RV PARK_CAMPGROUND,COUTEAU,301 W JEFFERSON STREET,58721,ND,48.75891581,-102.320181
007-0011,10,10,393,2012,PUBLIC,MOBILE HOME,PORTAL,101 METZGER STREET,58772,ND,48.993535,-102.546031
007-0012,UNKNOWN,,394,2012,PUBLIC,RV PARK_CAMPGROUND,LIGNITE,301 1ST AVENUE W,58752,ND,48.878358,-102.563348
007-0013,6,6,395,2012,PUBLIC,RV PARK_CAMPGROUND,LIGNITE,101 MAIN STREET,58752,ND,48.878329,-102.563432
051-0016,244,244,396,2012,PUBLIC,MOBILE HOME,MINOT,3100 11TH AVENUE SE # 9,58701,ND,48.225422,-101.247251
007-0015,18,18,397,2012,PUBLIC,RV PARK_CAMPGROUND,COLUMBUS,612 ROBIN STREET,58727,ND,48.90647,-102.778975
007-0016,7,7,398,2012,PUBLIC,RV PARK_CAMPGROUND,LIGNITE,75 KING STREET,58752,ND,48.875437,-102.568068
007-0017,44,44,399,2012,PUBLIC,RV PARK_CAMPGROUND,BOWBELLS,UNKNOWN,58721,ND,48.92233912,-102.2689071
007-0018,6,6,400,2012,PRIVATE,MOBILE HOME,COLUMBUS,506 ROBIN ST,58727,ND,48.905146,-102.778975
007-0019,UNKNOWN,,401,2012,PUBLIC,RV PARK_CAMPGROUND,MCGREGOR,10036 HWY 50,58755,ND,48.575273,-102.850946
025-0001,20,20,402,2012,PUBLIC,RV PARK_CAMPGROUND,GRANVILLE,6TH ST SW,58741,ND,48.263467,-100.842577
027-0023,100,100,403,2013,PUBLIC,MOBILE HOME,WATFORD CITY,12575 ZOE ROAD,58854,ND,47.7422542,-103.2777464
027-0045,49,49,404,2013,PUBLIC,MOBILE HOME,WATFORD CITY,2341 HIGHWAY 85 NORTH,58854,ND,47.75275118,-103.2832406
028-0001,UNKNOWN,,405,2012,PUBLIC,RV PARK_CAMPGROUND,RAUB,2236 68TH AVENUE NW,58779,ND,47.737298,-102.043526
053-0096,24,24,406,2012,PUBLIC,RV PARK_CAMPGROUND,WILLISTON,14971 52 STREET NW,58801,ND,48.168714,-103.726314
053-0097,496,496,407,2012,PUBLIC,CREW CAMP,WILLISTON,13589 57 STREET NW,58801,ND,48.246097,-103.62159
053-0099,40,40,408,2012,PUBLIC,RV PARK_CAMPGROUND,TIOGA,309 1 STREET NE,58852,ND,48.39519,-102.934122
053-0100,30,30,409,2012,PUBLIC,RV PARK_CAMPGROUND,WILLISTON,6983 141st AVE NW,58801,ND,48.444075,-103.733122
053-0101,17,17,410,2013,PUBLIC,MOBILE HOME,RAY,UNKNOWN,58849,ND,48.347615,-103.160199
053-0102,7,7,411,2012,PUBLIC,HOTEL_LODGING,RAY,11419 HIGHWAY 2,58849,ND,48.342477,-103.15988
053-0103,100,100,412,2012,PUBLIC,RV PARK_CAMPGROUND,WILLISTON,6700 2 AVENUE WEST,58801,ND,48.208499,-103.623342
053-0105,86,86,413,2012,PUBLIC,RV PARK_CAMPGROUND,WILLISTON,3202 21 AVENUE WEST,58801,ND,48.171265,-103.653491
053-0104,60,60,414,2013,PUBLIC,CREW CAMP,WILLISTON,5531 HIGHWAY 85 NORTH,58801,ND,48.216721,-103.625957
053-0106,250,250,415,2012,PUBLIC,MOBILE HOME,WILLISTON,3202 21 AVENUE WEST,58801,ND,48.171265,-103.653491
053-0107,50,50,416,2013,PUBLIC,CREW CAMP,WILLISTON,14652 HIGHWAY 2 WEST,58801,ND,48.14032,-103.841516
053-0108,83,83,417,2013,PUBLIC,MOBILE HOME,TIOGA,10762 HIGHWAY 2,58852,ND,48.341917,-102.828279
053-0109,6,6,418,2012,PUBLIC,MOBILE HOME,WILLISTON,"3314 UNIVERSITY AVE, LOT 1",58801,ND,48.175473,-103.613287
053-0110,91,91,419,2012,PUBLIC,HOTEL_LODGING,WILLISTON,1623 2 AVENUE WEST,58801,ND,48.161179,-103.62594
053-0111,4,4,420,2012,PUBLIC,MOBILE HOME,RAY,420 4TH AVENUE EAST,58849,ND,48.346436,-103.159423
053-0112,108,108,421,2012,PUBLIC,MOBILE HOME,WILLISTON,810 27 STREEET WEST,58801,ND,48.169191,-103.63548
053-0112,10,10,422,2012,PUBLIC,RV PARK_CAMPGROUND,WILLISTON,810 27 STREET WEST,58801,ND,48.169191,-103.63548
053-0115,70,70,423,2012,PUBLIC,MOBILE HOME,WILLISTON,5093 143 AVENUE NW,58801,ND,48.153507,-103.776869
053-0116,48,48,424,2012,PUBLIC,RV PARK_CAMPGROUND,TIOGA,6429 HIGHWAY 40,58852,ND,48.346006,-102.936857
053-0119,79,79,425,2012,PUBLIC,HOTEL_LODGING,WILLISTON,3701 4 AVENUE WEST,58801,ND,48.179464,-103.630309
053-0120,3,3,426,2012,PUBLIC,MOBILE HOME,RAY,314 4 AVENUE EAST,58849,ND,48.346419,-103.160184
053-0122,4,4,427,2013,PUBLIC,RV PARK_CAMPGROUND,RAY,UNKNOWN,58849,ND,48.24963,-103.129402
053-0123,UNKNOWN,,428,2013,PUBLIC,HOTEL_LODGING,WILLISTON,1525 9 AVENUE NW,58801,ND,48.160313,-103.646006
053-0125,UNKNOWN,,429,2013,PUBLIC,HOTEL_LODGING,WILLISTON,3820 4 AVENUE WEST,58801,ND,48.180653,-103.62879
053-0126,UNKNOWN,,430,2013,PUBLIC,HOTEL_LODGING,WILLISTON,213 35 STREET WEST,58801,ND,48.176886,-103.626804
053-0128,42,42,431,2013,PUBLIC,MOBILE HOME,TIOGA,225 5TH STREET NW,58852,ND,48.400679,-102.940574
053-0128,15,15,432,2013,PUBLIC,RV PARK_CAMPGROUND,TIOGA,225 5TH STREET NW,58852,ND,48.400679,-102.940574
053-0129,40,40,433,2012,PUBLIC,MOBILE HOME,WILLISTON,13853 HWY 2,58801,ND,48.141509,-103.680605
053-0130,21,21,434,2012,PUBLIC,MOBILE HOME,GRENORA,JETSON STREET,58845,ND,48.619714,-103.940769
053-0130,4,4,435,2012,PUBLIC,RV PARK_CAMPGROUND,GRENORA,JETSON STREET,58845,ND,48.619714,-103.940769
053-0131,25,25,436,2012,PUBLIC,MOBILE HOME,TIOGA,10391 BEAVER LODGE LANE,58852,ND,48.398467,-103.022857
053-0132,10,10,437,2012,PUBLIC,MOBILE HOME,WILLISTON,1544 47 STREET WEST,58801,ND,48.188088,-103.646764
053-0133,20,20,438,2012,PUBLIC,RV PARK_CAMPGROUND,WILLISTON,115 1 AVENUE EAST,58801,ND,48.144765,-103.620046
053-0134,22,22,439,2013,PUBLIC,MOBILE HOME,WILLISTON,7010 2 AVENUE WEST  #1,58801,ND,48.293851,-103.694446
053-0135,225,225,440,2012,PUBLIC,MOBILE HOME,WILLISTON,1829 33 STREET WEST,58801,ND,48.174367,-103.651283
053-0136,71,71,441,2012,PUBLIC,MOBILE HOME,TIOGA,1318 25 AVENUE SOUTH,58852,ND,48.398467,-103.022857
053-0136,20,20,442,2012,PUBLIC,RV PARK_CAMPGROUND,TIOGA,1318 25 AVENUE SOUTH,58852,ND,48.398467,-103.022857
053-0139,UNKNOWN,,443,2013,PUBLIC,HOTEL_LODGING,WILLISTON,2324 2 AVENUE WEST,58801,ND,48.166914,-103.62558
053-0140,1003,1003,444,2012,PUBLIC,CREW CAMP,TIOGA,HIGHWAY 2 & COUNTY ROAD 6,58852,ND,48.247401,-103.622903
053-0142,25,25,445,2013,PUBLIC,MOBILE HOME,TIOGA,217 5 STREET SE,58852,ND,48.400648,-102.940409
053-0142,51,51,446,2013,PUBLIC,RV PARK_CAMPGROUND,TIOGA,217 5 STREET SE,58852,ND,48.400648,-102.940409
053-0143,30,30,447,2012,PUBLIC,HOTEL_LODGING,TIOGA,210 2ND ST NE,58852,ND,48.396548,-102.934851
053-0146,300,300,448,2012,PUBLIC,CREW CAMP,WILLISTON,4905 146 DRIVE NW,58801,ND,48.141664,-103.844036
013-0029,7,7,449,2013,PUBLIC,MOBILE HOME,KILLDEER,10239 HIGHWAY 200,58640,ND,47.35855445,-102.7273853
028-0005,25,25,450,2013,PUBLIC,RV PARK_CAMPGROUND,UNDERWOOD,COUNTY ROAD 14 & COALBURG DRIVE,58576-0685,ND,47.4591033,-101.1464467
053-0071,12,12,451,2013,UNKNOWN,RV PARK_CAMPGROUND,WILLISTON,UNKNOWN,0,ND,48.14125546,-103.8441949
053-0150,209,209,452,2013,UNKNOWN,CREW CAMP,WILLISTON,UNKNOWN,0,ND,48.32883342,-103.6214139
053-0151,6,6,453,2013,PRIVATE,MOBILE HOME,WILLISTON,UNKNOWN,0,ND,48.22812643,-103.6107649
053-0152,150,150,454,2013,PRIVATE,CREW CAMP,WILLISTON,UNKNOWN,58801,ND,48.14547844,-103.5862769
053-0153,11,11,455,2013,PUBLIC,RV PARK_CAMPGROUND,TIOGA,6552 HIGHWAY 40,58852,ND,48.36477635,-102.931904
053-0154,UNKNOWN,,456,2013,UNKNOWN,RV PARK_CAMPGROUND,WILLISTON,UNKNOWN,0,ND,48.28787743,-103.6797169
053-0155,20,20,457,2013,UNKNOWN,RV PARK_CAMPGROUND,WILLISTON,UNKNOWN,0,ND,48.22708943,-103.5786049
053-0156,56,56,458,2013,UNKNOWN,CREW CAMP,WILLISTON,UNKNOWN,0,ND,48.21576944,-103.6770999
053-0158,6,6,459,2013,UNKNOWN,RV PARK_CAMPGROUND,EPPING,UNKNOWN,58843,ND,48.2488764,-103.346378
053-0159,12,12,460,2013,UNKNOWN,RV PARK_CAMPGROUND,WILLISTON,UNKNOWN,0,ND,48.18407747,-103.9509718
053-0162,24,24,461,2013,PRIVATE,CREW CAMP,WILLISTON,UNKNOWN,0,ND,48.13248745,-103.7228869
053-0163,9,9,462,2013,UNKNOWN,RV PARK_CAMPGROUND,WILLISTON,UNKNOWN,0,ND,48.15092746,-103.8469439
053-0164,6,6,463,2013,PRIVATE,MOBILE HOME,WILLISTON,UNKNOWN,0,ND,48.14478744,-103.6080599
053-0166,727,727,464,2013,PUBLIC,CREW CAMP,WILLISTON,UNKNOWN,0,ND,48.12662346,-103.8579059
053-0167,10,10,465,2013,PRIVATE,MOBILE HOME,WILLISTON,UNKNOWN,0,ND,48.15149644,-103.5878729
053-0168,500,500,466,2013,PRIVATE,CREW CAMP,WILLISTON,UNKNOWN,0,ND,48.14111045,-103.7094859
005-0001,14,14,467,2012,PUBLIC,MOBILE HOME,BOTTINEAU,754 96TH STREET NE,58318,ND,48.806256,-100.543623
005-0002,25,25,468,2012,PUBLIC,MOBILE HOME,BOTTINEAU,10851 15TH AVENUE NE,58318,ND,48.986451,-100.37965
005-0003,18,18,469,2012,PUBLIC,RV PARK_CAMPGROUND,BOTTINEAU,115 W 6TH STREET,58318,ND,48.826342,-100.445784
005-0004,96,96,470,2012,PUBLIC,MOBILE HOME,BOTTINEAU,9634 12TH AVE NE LOT 1,58318,ND,48.807614,-100.445846
007-0002,24,24,471,2012,PUBLIC,RV PARK_CAMPGROUND,COUTEAU,UNKNOWN,58721,ND,48.75872991,-102.3198935
007-0003,10,10,472,2012,PUBLIC,RV PARK_CAMPGROUND,LIGNITE,8260 101ST ST NW,58752,ND,48.879722,-102.515776
051-0036,96,96,473,2012,PUBLIC,RV PARK_CAMPGROUND,MINOT,1945 20TH AVE SE,58701,ND,48.212352,-101.263156
051-0037,4,4,474,2012,PUBLIC,MOBILE HOME,MINOT,1900 72ND STREET NW,58701,ND,48.213175,-101.187915
051-0038,138,138,475,2012,PUBLIC,RV PARK_CAMPGROUND,BERTHOLD,12101 282ND ST NW,58260,ND,48.225866,-101.72818
051-0039,100,100,476,2012,PUBLIC,MOBILE HOME,MINOT,1852 16TH STREET SW # 10,58701,ND,48.213258,-101.317622
051-0040,310,310,477,2012,PUBLIC,MOBILE HOME,MINOT,405 31ST AVE SE # 28,58701,ND,48.202321,-101.287895
053-0114,98,98,478,2013,PUBLIC,HOTEL_LODGING,WILLISTON,1515 14 STREET WEST,58801,ND,48.156939,-103.652677
053-0118,88,88,479,2013,PUBLIC,HOTEL_LODGING,WILLISTON,415 38 STREET WEST,58801,ND,48.179593,-103.627905
053-0121,100,100,480,2013,PUBLIC,CREW CAMP,WILLISTON,14652 HIGHWAY 2,58801,ND,48.14032,-103.841517
053-0032,300,300,481,2013,UNKNOWN,RV PARK_CAMPGROUND,WILLISTON,STEVE MORTENSON & HIRAM REYEZ,0,ND,48.136802,-103.847139
005-0011,UNKNOWN,,482,2013,PUBLIC,HOTEL_LODGING,WESTHOPE,120 3RD STREET E,58793,ND,48.90958587,-101.016166
006-0017,26,26,483,2013,PUBLIC,HOTEL_LODGING,BOWMAN,502 5TH AVENUE SW,58623,ND,46.18773223,-103.4031981
007-0020,2,2,484,2013,PRIVATE,MOBILE HOME,POWERS LAKE,8435 COUNTY ROAD 7,58773,ND,48.63836817,-102.6688254
007-0021,38,38,485,2013,PUBLIC,HOTEL_LODGING,PORTAL,107 RAILWAY AVENUE,58772,ND,48.99422781,-102.544857
007-0022,6,6,486,2013,PUBLIC,HOTEL_LODGING,COLUMBUS,103 1ST AVENUE E,58727,ND,48.90257578,-102.7805687
007-0023,4,4,487,2013,PUBLIC,HOTEL_LODGING,BOWBELLS,3 MAIN STREET SE,58721,ND,48.80304774,-102.2462048
007-0024,6,6,488,2013,PUBLIC,HOTEL_LODGING,POWERS LAKE,106 RAILROAD AVENUE W,58773,ND,48.56029152,-102.6384367
007-0025,13,13,489,2013,PUBLIC,HOTEL_LODGING,BOWBELLS,112 MAIN STREET,58721,ND,48.75802884,-102.3191197
021-0012,11,11,490,2013,PUBLIC,RV PARK_CAMPGROUND,NEW ENGLAND,15TH STREET EAST,58647,ND,46.54381205,-102.8590181
025-0002,12,12,491,2013,PUBLIC,RV PARK_CAMPGROUND,DRAKE,NO MAIN,58736,ND,47.92544479,-100.3722438
027-0050,7,7,492,2013,PUBLIC,CREW CAMP,WATFORD CITY,2043 125 AVENUE NW,58854,ND,47.6890692,-103.2617267
053-0042,2,2,493,2013,UNKNOWN,MOBILE HOME,WILLISTON,UNKNOWN,0,ND,48.14322,-103.713391
053-0043,30,30,494,2013,UNKNOWN,RV PARK_CAMPGROUND,WILLISTON,UNKNOWN,0,ND,48.143299,-103.713035
053-0044,10,10,495,2013,UNKNOWN,RV PARK_CAMPGROUND,TIOGA,UNKNOWN,58852,ND,48.281579,-102.934593
053-0047,8,8,496,2013,UNKNOWN,MOBILE HOME,WILLISTON,UNKNOWN,0,ND,48.227097,-103.578616
001-0005,5,5,497,2013,PUBLIC,HOTEL_LODGING,HETTINGER,104 2ND AVENUE NORTH,58639,ND,46.00222482,-102.6423997
005-0005,16,16,498,2013,PUBLIC,HOTEL_LODGING,WESTHOPE,95 1ST AVENUE E,58793,ND,48.90941349,-101.0194462
005-0006,3,3,499,2013,PUBLIC,HOTEL_LODGING,LANSFORD,711 MAIN STREET,58750,ND,48.62927195,-101.3760635
005-0007,46,46,500,2013,PUBLIC,HOTEL_LODGING,BOTTINEAU,815 11TH STREET E,58318,ND,48.82085345,-100.438683
005-0008,44,44,501,2013,PUBLIC,HOTEL_LODGING,BOTTINEAU,10722 LAKE LOOP RD UNIT 1,58318,ND,48.96845187,-100.3807877
005-0009,31,31,502,2013,PUBLIC,HOTEL_LODGING,BOTTINEAU,1007 11TH STREET E,58318,ND,48.820938,-100.4368811
005-0010,29,29,503,2013,PUBLIC,HOTEL_LODGING,BOTTINEAU,345 W 11TH STREET,58318,ND,48.82063574,-100.449769
038-0001,20,20,504,2012,PUBLIC,RV PARK_CAMPGROUND,MOHALL,HWY 5 WEST,58761,ND,48.763467,-101.520779
051-0007,54,54,505,2012,PUBLIC,MOBILE HOME,MINOT,5120 HWY 2 EAST #9,58701,ND,48.228602,-101.216856
051-0008,50,50,506,2012,PUBLIC,MOBILE HOME,MINOT,5119 SOUTH HWY 83,58701,ND,48.18094,-101.29545
051-0009,136,136,507,2012,PUBLIC,MOBILE HOME,MINOT,1541 SOUTH BROADWAY,58702,ND,48.219413,-101.295953
051-0010,65,65,508,2012,PUBLIC,MOBILE HOME,MINOT,2900 VALLEY STREET,58701,ND,48.213207,-101.251463
051-0011,70,70,509,2012,PUBLIC,MOBILE HOME,MINOT,1500 18TH STREET SW,58701,ND,48.221003,-101.317786
051-0012,17,17,510,2013,PUBLIC,RV PARK_CAMPGROUND,MINOT,717 27TH STREET SE,58701,ND,48.229745,-101.252688
051-0013,54,54,511,2013,PUBLIC,MOBILE HOME,MINOT,1305 31ST STREET SE,58701,ND,48.223683,-101.247276
051-0014,5,5,512,2012,PUBLIC,MOBILE HOME,MINOT,4100 EAST BURDICK EXPY,58701,ND,48.229054,-101.232504
051-0015,5,5,513,2012,PUBLIC,MOBILE HOME,FOXHOLM,12700 HWY 52 N,58718,ND,48.330686,-101.520217
051-0067,UNKNOWN,,514,2013,PUBLIC,HOTEL_LODGING,MINOT,1009 20TH AVENUE SE,58701,ND,48.21174421,-101.2777992
038-0002,25,25,515,2012,PUBLIC,MOBILE HOME,MOHALL,603 MAIN STREET E,58761,ND,48.763531,-101.503111
038-0002,20,20,516,2012,PUBLIC,RV PARK_CAMPGROUND,MOHALL,603 MAIN STREET E,58761,ND,48.763531,-101.503111
045-0008,30,30,517,2013,PUBLIC,MOBILE HOME,DICKINSON,387 SOUTH STATE AVENUE,58601,ND,46.87114,-102.810601
045-0026,64,64,518,2013,PUBLIC,HOTEL_LODGING,DICKINSON,2431 3RD AVENUE,58601,ND,46.90813078,-102.7906799
051-0001,8,8,519,2012,PUBLIC,MOBILE HOME,MINOT,3022 9TH AVENUE SE #9,0,ND,48.227962,-101.249112
051-0002,14,14,520,2012,PUBLIC,MOBILE HOME,MINOT,803 62ND AVENUE NE,58703,ND,48.297973,-101.294833
051-0003,UNKNOWN,,521,2012,PUBLIC,RV PARK_CAMPGROUND,FOXHOLM,12711 181ST STREET,58718,ND,48.369006,-101.569711
051-0004,4,4,522,2012,PUBLIC,MOBILE HOME,RYDER,5081 27TH STREET NW,58779,ND,47.804338,-101.676257
051-0005,34,34,523,2012,PUBLIC,MOBILE HOME,BURLINGTON,COLTON AVENUE,58722,ND,48.273356,-101.43236
051-0006,7,7,524,2012,PUBLIC,RV PARK_CAMPGROUND,CARPIO,221 SECOND STREET WEST,58725,ND,48.44158,-101.716661
051-0017,28,28,525,2012,PUBLIC,RV PARK_CAMPGROUND,KENMARE,HIGHWAY 52 N,58746,ND,48.559586,-101.967847
051-0018,114,114,526,2012,PUBLIC,MOBILE HOME,MINOT,5110 HWY 2 EAST,58701,ND,48.227773,-101.220253
051-0019,6,6,527,2012,PUBLIC,MOBILE HOME,MAKOTI,203 EDWARDS ST,58756,ND,47.960747,-101.806259
051-0021,82,82,528,2012,PUBLIC,MOBILE HOME,MINOT,2101 3RD STREET NW,58703,ND,48.2585,-101.297693
051-0021,25,25,529,2012,PUBLIC,RV PARK_CAMPGROUND,MINOT,2101 3RD STREET NW,58703,ND,48.2585,-101.297693
051-0022,90,90,530,2012,PUBLIC,MOBILE HOME,MINOT,500 30TH AVENUE NW,58703,ND,48.268966,-101.301052
051-0023,262,262,531,2012,PUBLIC,MOBILE HOME,MINOT,1325 27TH STREET SE,58701,ND,48.222472,-101.252749
051-0024,3,3,532,2012,PUBLIC,MOBILE HOME,MINOT,1030 5TH AVE SW,58701,ND,48.231644,-101.310623
051-0025,25,25,533,2012,PUBLIC,RV PARK_CAMPGROUND,BURLINGTON,PARK ROAD,58722,ND,48.280158,-101.43257
051-0026,86,86,534,2012,PUBLIC,MOBILE HOME,MINOT,13001 2ND STREET NW # 57A,58703,ND,48.374129,-101.299342
051-0026,14,14,535,2012,PUBLIC,RV PARK_CAMPGROUND,MINOT,13001 2ND STREET NW # 57A,58703,ND,48.374129,-101.299342
051-0027,134,134,536,2012,PUBLIC,MOBILE HOME,MINOT,625 15TH STREET SE,58701,ND,48.229806,-101.271329
051-0028,42,42,537,2012,PUBLIC,RV PARK_CAMPGROUND,MINOT,2025 27TH STREET SE,58701,ND,48.211179,-101.252781
051-0029,169,169,538,2012,PUBLIC,MOBILE HOME,MINOT,3725 SW 10TH STREET,58701,ND,48.277198,-101.27883
051-0030,8,8,539,2012,PUBLIC,RV PARK_CAMPGROUND,RYDER,521 DAILY ST,58779,ND,47.918886,-101.675377
051-0031,96,96,540,2012,PUBLIC,MOBILE HOME,MINOT,1015 27TH ST SE,58701,ND,48.22651,-101.25273
051-0032,80,80,541,2012,PUBLIC,RV PARK_CAMPGROUND,MINOT,500 54TH STREET NW,58703,ND,48.241423,-101.371824
051-0033,25,25,542,2012,PUBLIC,MOBILE HOME,RUTHVILLE,102 128TH AVE NW,58703,ND,48.371757,-101.297991
051-0034,8,8,543,2012,PUBLIC,MOBILE HOME,MINOT,1900 BURDICK EXPY W,58701,ND,48.223742,-101.319573
051-0035,26,26,544,2012,PUBLIC,MOBILE HOME,MINOT,4904 HWY 2 EAST,58701,ND,48.226933,-101.222418
051-0058,172,172,545,2013,PUBLIC,HOTEL_LODGING,MINOT,2200 BURDICK EXPY E,58701,ND,48.22962477,-101.261174
051-0059,130,130,546,2013,PUBLIC,HOTEL_LODGING,MINOT,2301 LANDMARK DR NW,58703,ND,48.26143681,-101.3320859
051-0060,246,246,547,2013,PUBLIC,HOTEL_LODGING,MINOT,1505 N BROADWAY,58703,ND,48.24963188,-101.2951726
051-0061,91,91,548,2013,PUBLIC,HOTEL_LODGING,MINOT,1605 35TH AVENUE SW,58701,ND,48.19871201,-101.3067655
051-0062,46,46,549,2013,PUBLIC,HOTEL_LODGING,MINOT,1901 S BROADWAY,58701,ND,48.21206008,-101.2959276
051-0063,75,75,550,2013,PUBLIC,HOTEL_LODGING,MINOT,1212 31ST AVENUE SW,58701,ND,48.20299874,-101.3098772
051-0064,94,94,551,2013,PUBLIC,HOTEL_LODGING,MINOT,414 37TH AVENUE SW,58701,ND,48.196559,-101.3000496
051-0065,58,58,552,2013,PUBLIC,HOTEL_LODGING,MINOT,1315 N BROADWAY,58703,ND,48.24917853,-101.2954444
051-0066,64,64,553,2013,PUBLIC,HOTEL_LODGING,MINOT,3501 4TH ST W,58701,ND,48.19845707,-101.2988192
027-0096,25,25,554,2013,PUBLIC,MOBILE HOME,ALEXANDER,14080 HIGHWAY 85 N,58831,ND,47.80485162,-103.6005358
051-0068,42,42,555,2013,PUBLIC,HOTEL_LODGING,KENMARE,1232 N CENTRAL AVENUE,58746,ND,48.68511968,-102.0823985
051-0069,100,100,556,2013,PUBLIC,HOTEL_LODGING,MINOT,225 22ND AVENUE SE,58701,ND,48.20916843,-101.3124886
051-0070,87,87,557,2013,PUBLIC,HOTEL_LODGING,MINOT,929 20TH AVENUE SE,58701,ND,48.2117168,-101.2789324
051-0071,176,176,558,2013,PUBLIC,HOTEL_LODGING,MINOT,2400 10TH STREET SW,58701,ND,48.20814962,-101.3067985
051-0072,136,136,559,2013,PUBLIC,HOTEL_LODGING,MINOT,800 37TH AVENUE SW,58701,ND,48.19656827,-101.303223
051-0073,102,102,560,2013,PUBLIC,HOTEL_LODGING,MINOT,3009 S BROADWAY,58701,ND,48.20269264,-101.2959158
051-0074,UNKNOWN,,561,2013,PUBLIC,HOTEL_LODGING,MINOT,2315 N BROADWAY,58703,ND,48.26059013,-101.2961094
051-0075,10,10,562,2013,PUBLIC,MOBILE HOME,FOXHOLM,12710 182ND STREET NW,58718,ND,48.3685153,-101.5708385
051-0076,UNKNOWN,,563,2013,PRIVATE,RV PARK_CAMPGROUND,SURREY,521 2ND STREET SE,58785,ND,48.23643156,-101.12416
027-0051,48,48,564,2013,PUBLIC,RV PARK_CAMPGROUND,WATFORD CITY,2043 125 AVENUE NW,58854,ND,47.6890692,-103.2617267
027-0052,7,7,565,2013,PUBLIC,RV PARK_CAMPGROUND,ALEXANDER,606 ELK STREET,58831,ND,47.84278214,-103.6424009
027-0053,36,36,566,2013,PUBLIC,CREW CAMP,ALEXANDER,14050 HIGHWAY 85 NORTH,58831,ND,47.80485561,-103.5943473
027-0054,50,50,567,2013,PUBLIC,RV PARK_CAMPGROUND,ALEXANDER,13752 HIGHWAY 85 NORTH,58831,ND,47.8049843,-103.5332194
027-0055,93,93,568,2013,PUBLIC,HOTEL_LODGING,WATFORD CITY,2345 HIGHWAY 85 NORTH,58854,ND,47.75330599,-103.2832406
027-0056,7,7,569,2013,PUBLIC,RV PARK_CAMPGROUND,EAST FAIRVIEW,15920 35 STREET NW,59221,ND,47.87739236,-104.0260921
027-0057,51,51,570,2013,PUBLIC,HOTEL_LODGING,WATFORD CITY,508 11TH AVENUE SE,58854,ND,47.7978617,-103.2640783
027-0058,23,23,571,2013,PUBLIC,RV PARK_CAMPGROUND,GRASSY BUTTE,131 HIGHWAY 85 NORTH,58634,ND,47.43165252,-103.2482794
027-0061,61,61,572,2013,PUBLIC,HOTEL_LODGING,ALEXANDER,2969 138 AVENUE NW,58831,ND,47.73324967,-103.5404672
027-0062,25,25,573,2013,PUBLIC,RV PARK_CAMPGROUND,EAST FAIRVIEW,3154 159TH AVENUE NW,59221,ND,47.87583177,-104.0226591
027-0063,19,19,574,2013,PUBLIC,MOBILE HOME,WATFORD CITY,429 3RD AVENUE SW,58854,ND,47.79784734,-103.2876827
027-0064,5,5,575,2013,PUBLIC,RV PARK_CAMPGROUND,WATFORD CITY,429 3RD AVENUE SW,58854,ND,47.79784734,-103.2876827
027-0065,208,208,576,2013,PUBLIC,HOTEL_LODGING,ARNEGARD,2588 134TH AVENUE NW,58853,ND,47.78262645,-103.4439849
027-0067,5,5,577,2013,PUBLIC,RV PARK_CAMPGROUND,WATFORD CITY,UNKNOWN,58554,ND,47.799345,-103.283109
027-0068,6,6,578,2013,PUBLIC,RV PARK_CAMPGROUND,WATFORD CITY,5TH STREET SE,58854,ND,47.79933075,-103.2763167
027-0069,35,35,579,2013,PUBLIC,RV PARK_CAMPGROUND,WATFORD CITY,1304 11 AVENUE SW,58854,ND,47.78805666,-103.3001931
027-0070,7,7,580,2013,PUBLIC,RV PARK_CAMPGROUND,WATFORD CITY,3866 123 AVENUE NW,58854,ND,47.76482941,-103.2259051
027-0071,9,9,581,2013,PUBLIC,RV PARK_CAMPGROUND,WATFORD CITY,1402 MAIN STREET SOUTH,58854,ND,47.82184922,-103.282964
027-0072,10,10,582,2013,PUBLIC,RV PARK_CAMPGROUND,CARTWRIGHT,15442 HIGHWAY 200,58838,ND,47.86938473,-103.8924513
027-0073,114,114,583,2013,PUBLIC,MOBILE HOME,ALEXANDER,14056 30 STREET NW,58831,ND,47.84823982,-103.5808337
027-0074,17,17,584,2013,PUBLIC,RV PARK_CAMPGROUND,ALEXANDER,14056 30 STREET NW,58831,ND,47.84823982,-103.5808337
027-0075,45,45,585,2013,PUBLIC,RV PARK_CAMPGROUND,WATFORD CITY,12566 ZOE ROAD,58854,ND,47.74173334,-103.2814812
027-0076,13,13,586,2013,PUBLIC,RV PARK_CAMPGROUND,GRASSY BUTTE,163 HIGHWAY 85 SOUTH,58634,ND,47.4035982,-103.2480385
027-0077,68,68,587,2013,PUBLIC,HOTEL_LODGING,ALEXANDER,205 29 STREET NW,58831,ND,47.8333504,-103.6448454
027-0078,20,20,588,2013,PUBLIC,RV PARK_CAMPGROUND,WATFORD CITY,12672 22ND M ST NW,58854,ND,47.73228376,-103.2931432
027-0079,6,6,589,2013,PUBLIC,RV PARK_CAMPGROUND,WATFORD CITY,12262 26TH STREET NW,58854,ND,47.79023578,-103.3439114
027-0080,63,63,590,2013,PUBLIC,HOTEL_LODGING,ALEXANDER,14080 HIGHWAY 85 N,58831,ND,47.80484409,-103.6005248
027-0081,100,100,591,2013,PUBLIC,RV PARK_CAMPGROUND,ALEXANDER,14080 HIGHWAY 85 N,58831,ND,47.80484409,-103.6005248
027-0082,94,94,592,2013,PUBLIC,MOBILE HOME,WATFORD CITY,3000 2 AVENUE SW,58854,ND,47.79788112,-103.3023165
027-0083,51,51,593,2013,PUBLIC,CREW CAMP,WATFORD CITY,2509 14TH STREET NW,58854,ND,47.78772477,-103.0263205
027-0084,16,16,594,2013,PUBLIC,CREW CAMP,WATFORD CITY,2261 HIGHWAY 85 NORTH,58854,ND,47.74169189,-103.2832104
027-0085,77,77,595,2013,PUBLIC,HOTEL_LODGING,WATFORD CITY,810 3RD AVENUE SW,58854,ND,47.79945566,-103.270092
028-0002,20,20,596,2013,PUBLIC,HOTEL_LODGING,GARRISON,1537 41ST AVENUE NW,58540,ND,47.63762787,-101.420401
028-0003,30,30,597,2013,PUBLIC,HOTEL_LODGING,GARRISON,539 4TH AVENUE SE,58540,ND,47.64670879,-101.4088097
028-0004,22,22,598,2013,PUBLIC,HOTEL_LODGING,GARRISON,430 5TH AVENUE SE,58540,ND,47.65644454,-101.4184482
028-0006,16,16,599,2013,PUBLIC,MOBILE HOME,MAX,609 6TH AVENUE,58759,ND,47.82463763,-101.2995589
028-0007,UNKNOWN,,600,2013,PUBLIC,MOBILE HOME,MAX,701 2ND STREET,58759,ND,47.8186317,-101.3030139
028-0008,22,22,601,2013,PUBLIC,RV PARK_CAMPGROUND,MAX,116 SPRUCE COURT,58759,ND,47.82171957,-101.2946745
029-0025,10,10,602,2013,PUBLIC,RV PARK_CAMPGROUND,BEULAH,1100 HIGHWAY 49 S,58523,ND,47.25865454,-101.7855777
029-0026,17,17,603,2013,PUBLIC,RV PARK_CAMPGROUND,GOLDEN VALLEY,231 COUNTY ROAD 5 NORTH,58541,ND,47.38131098,-102.0780517
029-0027,5,5,604,2013,PUBLIC,RV PARK_CAMPGROUND,BEULAH,541 55 AVENUE NE,58523,ND,47.45854124,-101.7162276
031-0097,30,30,605,2013,PUBLIC,CREW CAMP,BLAISDELL,6252 HIGHWAY 2,58720,ND,48.3169593,-102.0516976
031-0098,48,48,606,2013,PUBLIC,RV PARK_CAMPGROUND,WHITE EARTH,UNKNOWN,58794,ND,48.37479931,-102.7668061
038-0003,20,20,607,2013,PUBLIC,HOTEL_LODGING,MOHALL,803 HIGHWAY 5 E,58761,ND,48.76345903,-101.5207673
045-0047,24,24,608,2013,UNKNOWN,MOBILE HOME,BELFIELD,12932 38 P STREET WEST,58622,ND,46.8616767,-103.1756346
045-0048,6,6,609,2013,PUBLIC,RV PARK_CAMPGROUND,BELFIELD,UNKNOWN,58622,ND,46.88280261,-103.2000028
045-0049,100,100,610,2013,PUBLIC,HOTEL_LODGING,DICKINSON,165 26ND STREET WEST,58601,ND,46.90946595,-102.7828718
045-0050,10,10,611,2013,PRIVATE,CREW CAMP,DICKINSON,3197 11TH AVENUE SW,58601,ND,46.94950295,-102.9577768
051-0041,102,102,612,2013,PUBLIC,HOTEL_LODGING,MINOT,3420 S BROADWAY,58701,ND,48.19941887,-101.296185
051-0042,75,75,613,2013,PUBLIC,HOTEL_LODGING,MINOT,1609 35TH AVENUE SW,58701,ND,48.19871201,-101.3067655
051-0043,100,100,614,2013,PUBLIC,HOTEL_LODGING,MINOT,1510 26TH AVENUE SW,58701,ND,48.20586889,-101.3162401
051-0044,80,80,615,2013,PUBLIC,HOTEL_LODGING,MINOT,900 37TH AVENUE SW,58701,ND,48.1965699,-101.3039007
051-0045,14,14,616,2013,PUBLIC,HOTEL_LODGING,MINOT,1900 W 2 & 52 BYPASS,58701,ND,48.21189803,-101.3214
051-0046,140,140,617,2013,PUBLIC,HOTEL_LODGING,MINOT,1515 22 AVENUE SW,58701,ND,48.20975383,-101.3159038
051-0047,88,88,618,2013,PUBLIC,HOTEL_LODGING,MINOT,601 22ND AVENUE SW,58701,ND,48.20930929,-101.3133732
051-0048,68,68,619,2013,PUBLIC,HOTEL_LODGING,MINOT,1900 22ND AVENUE SW,58701,ND,48.21055319,-101.322497
051-0049,129,129,620,2013,PUBLIC,HOTEL_LODGING,MINOT,2401 ELK DRIVE,58701,ND,48.21396848,-101.3287243
051-0050,82,82,621,2013,PUBLIC,HOTEL_LODGING,MINOT,2100 4TH STREET SW,58701,ND,48.21011318,-101.2984809
051-0051,66,66,622,2013,PUBLIC,HOTEL_LODGING,MINOT,3916 N BROADWAY,58703,ND,48.27852996,-101.2954775
051-0052,63,63,623,2013,PUBLIC,HOTEL_LODGING,MINOT,900 24TH AVENUE SW,58701,ND,48.20728556,-101.3056102
051-0053,34,34,624,2013,PUBLIC,HOTEL_LODGING,MINOT,1900 BURDICK EXPY E,58701,ND,48.23148548,-101.2649334
051-0054,100,100,625,2013,PUBLIC,HOTEL_LODGING,MINOT,1937 N BROADWAY,58703,ND,48.25524936,-101.2959218
051-0055,86,86,626,2013,PUBLIC,HOTEL_LODGING,MINOT,1400 N BROADWAY,58703,ND,48.2485498,-101.2956381
051-0056,20,20,627,2013,PUBLIC,HOTEL_LODGING,MINOT,1416 S BROADWAY,58702,ND,48.22136142,-101.2960714
051-0057,66,66,628,2013,PUBLIC,HOTEL_LODGING,MINOT,300 37TH AVENUE SW,58701,ND,48.19655513,-101.2988027
004-0024,10,10,629,2013,PUBLIC,RV PARK_CAMPGROUND,FAIRFIELD,13225 UPPER MAGPIE ROAD,58627,ND,47.26967293,-103.2344747
029-0003,3,3,630,2013,PUBLIC,MOBILE HOME,GOLDEN VALLEY,230 RAILROAD AVE,58541,ND,47.28870605,-102.0611029
029-0003,4,4,631,2013,PUBLIC,RV PARK_CAMPGROUND,GOLDEN VALLEY,230 RAILROAD AVE,58541,ND,47.28870605,-102.0611029
013-0027,44,44,632,2013,UNKNOWN,MOBILE HOME,KILLDEER,315 HORIZON STREET,58640,ND,47.36993491,-102.7519333
013-0028,30,30,633,2013,UNKNOWN,MOBILE HOME,KILLDEER,316 HORIZON STREET,58640,ND,47.36993491,-102.7519333
027-0035,32,32,634,2013,PUBLIC,RV PARK_CAMPGROUND,ARNEGARD,136 AVE W HWY 85,58835,ND,47.7614069,-103.4977473
027-0008,70,70,635,2013,PUBLIC,MOBILE HOME,WATFORD CITY,3711 4TH AVE SE,58854,ND,47.80430192,-103.2208711
027-0039,6,6,636,2013,PUBLIC,RV PARK_CAMPGROUND,WATFORD CITY,908 4TH ST SW,58854,ND,47.80472237,-103.2693347
027-0043,7,7,637,2013,PUBLIC,HOTEL_LODGING,WATFORD CITY,908 4TH ST SW,58854,ND,47.80472237,-103.2693347
027-0020,13,13,638,2013,PUBLIC,RV PARK_CAMPGROUND,WATFORD CITY,720 4TH AVE NE,58854,ND,47.80472333,-103.2726646
027-0029,748,748,639,2013,PUBLIC,RV PARK_CAMPGROUND,WATFORD CITY,304 16TH AVE SW,58854,ND,47.78386797,-103.3005529
027-0012,5,5,640,2013,PUBLIC,RV PARK_CAMPGROUND,KEENE,101 2ND ST,58847,ND,47.92693768,-102.9400227
053-0113,158,158,641,2013,PUBLIC,CREW CAMP,WILLISTON,24TH AVE NE,58801,ND,48.15029747,-103.5871966
053-0147,415,415,642,2013,PUBLIC,CREW CAMP,WILLISTON,13589 57TH ST NW,58801,ND,48.24470699,-103.6189751
053-0124,90,90,643,2013,PUBLIC,MOBILE HOME,RAY,20 1ST AVE NE,58849,ND,48.34331738,-103.1652668
053-0171,9,9,644,2013,PUBLIC,RV PARK_CAMPGROUND,ALAMO,19 PARKER STREET,58830,ND,48.58095987,-103.4656457
012-0024,20,20,645,2013,PUBLIC,RV PARK_CAMPGROUND,CROSBY,1010 4TH ST SE,58730,ND,48.91339938,-103.2902085
051-0077,13,13,646,2013,PUBLIC,RV PARK_CAMPGROUND,SURREY,4TH ST NE,58785,ND,48.24211187,-101.1337281
051-0078,14,14,647,2013,PUBLIC,RV PARK_CAMPGROUND,SAWYER,8601 247TH AVENUE SE,58781,ND,47.97919224,-101.1640992
053-0157,24,24,648,2013,PRIVATE,HOTEL_LODGING,WILLISTON,13586 57TH STREET NW,58801,ND,48.23956076,-103.8935359
053-0160,27,27,649,2013,PRIVATE,MOBILE HOME,WILLISTON,UNKNOWN,58801,ND,48.14451246,-103.6214885
053-0161,6,6,650,2013,PRIVATE,MOBILE HOME,WILLISTON,UNKNOWN,58801,ND,48.14451246,-103.6214885
053-0165,5,5,651,2013,PRIVATE,MOBILE HOME,WILLISTON,UNKNOWN,58801,ND,48.14451246,-103.6214885
053-0169,89,89,652,2013,PUBLIC,HOTEL_LODGING,WILLISTON,200 26TH STREET,58801,ND,48.16877824,-103.6245499
053-0170,69,69,653,2013,PUBLIC,HOTEL_LODGING,WILLISTON,1325 19th Ave W,58801,ND,48.15566762,-103.6517789
053-0172,122,122,654,2013,PUBLIC,HOTEL_LODGING,WILLISTON,1001 WEST 24 STREET,58801,ND,48.16655576,-103.6410796
053-0173,6,6,655,2013,PUBLIC,RV PARK_CAMPGROUND,RAY,507 RAILROAD AVENUE,58849,ND,48.34193176,-103.160096
053-0174,248,248,656,2013,PUBLIC,HOTEL_LODGING,WILLISTON,121 WELL STREET W,58801,ND,48.19465079,-103.625336
053-0175,437,437,657,2013,PUBLIC,RV PARK_CAMPGROUND,WILLISTON,947 ENERGY STREET,58801,ND,48.23385291,-103.6149548
053-0176,25,25,658,2013,PUBLIC,HOTEL_LODGING,WILLISTON,340 26th St E ,58801,ND,48.16863165,-103.6196611
005-0012,45,45,659,2013,PUBLIC,HOTEL_LODGING,BOTTINEAU,1109 11TH ST EAST,58318,ND,48.82072209,-100.4289302
027-0086,12,12,660,2013,PUBLIC,RV PARK_CAMPGROUND,WATFORD CITY,UNKNOWN,58854,ND,47.799345,-103.283109
027-0088,12,12,661,2013,PUBLIC,HOTEL_LODGING,WATFORD CITY,UNKNOWN,58854,ND,47.799345,-103.283109
027-0089,14,14,662,2013,PUBLIC,RV PARK_CAMPGROUND,WATFORD CITY,12208 26 N ST NW,58854,ND,47.7902996,-103.3400102
027-0090,20,20,663,2013,PUBLIC,HOTEL_LODGING,WATFORD CITY,2046 125 EAST AVENUE NW,58854,ND,47.81144707,-103.2620543
027-0091,12,12,664,2013,PUBLIC,RV PARK_CAMPGROUND,KEENE,103 MAIN STREET,58847,ND,47.92695739,-102.9414924
027-0092,12,12,665,2013,PUBLIC,RV PARK_CAMPGROUND,WATFORD CITY,2028 125TH AVENUE NW,58854,ND,47.81039296,-103.2620495
027-0093,6,6,666,2013,PUBLIC,RV PARK_CAMPGROUND,WATFORD CITY,3001 HIGHWAY 23,58854,ND,47.8494285,-102.9415816
027-0094,26,26,667,2013,PUBLIC,RV PARK_CAMPGROUND,WATFORD CITY,2008 17TH AVE NE,58854,ND,47.81888832,-103.2191496
027-0097,28,28,668,2013,PUBLIC,HOTEL_LODGING,WATFORD CITY,2312 12 STREET NE,58854,ND,47.79676911,-103.2622863
027-0098,6,6,669,2013,PUBLIC,MOBILE HOME,WATFORD CITY,2312 12 STREET NE,58854,ND,47.79676911,-103.2622863
027-0099,77,77,670,2013,PUBLIC,MOBILE HOME,WATFORD CITY,962 125 AVENUE,58854,ND,47.68907674,-103.2617376
029-0028,4,4,671,2013,PUBLIC,RV PARK_CAMPGROUND,GOLDEN VALLEY,UNKNOWN,58541,ND,47.28972391,-102.0646074
029-0029,91,91,672,2013,PUBLIC,HOTEL_LODGING,STANTON,312 HARMON AVENUE,58571,ND,47.32101181,-101.3813926
031-0099,7,7,673,2013,PUBLIC,RV PARK_CAMPGROUND,WHITE EARTH,UNKNOWN,58794,ND,48.38043061,-102.773275
045-0051,6,6,674,2013,PUBLIC,RV PARK_CAMPGROUND,TAYLOR,120 CHESTNUT AVENUE,58656,ND,46.90193097,-102.4191016
053-0177,5,5,675,2013,PUBLIC,MOBILE HOME,RAY,UNKNOWN,58849,ND,48.34231741,-103.1656109
053-0178,72,72,676,2013,PUBLIC,HOTEL_LODGING,WILLISTON,13553 HIGHWAY 2,58801,ND,48.14031952,-103.8415163
053-0179,266,266,677,2013,PUBLIC,CREW_CAMP,WILLISTON,5048 OWAN INDUSTRIAL PARK DRIVE,58801,ND,48.29385137,-103.6944459
004-0025,226,226,678,2013,PUBLIC,RV PARK_CAMPGROUND,MEDORA,3370 POOL DRIVE,58645,ND,46.921678,-103.53101
004-0026,6,6,679,2013,PUBLIC,RV PARK_CAMPGROUND,BELFIELD,12256 29TH ST SW,58622,ND,46.992475,-103.086594
027-0087,96,96,680,2013,PUBLIC,MOBILE HOME,WATFORD CITY,UNKNOWN,58854,ND,47.750542,-103.288306
027-0095,UNKNOWN,,681,2013,PRIVATE,CREW CAMP,GRASSY BUTTE,UNKNOWN,58634,ND,47.384417,-103.239822
001-0001,25,25,682,2013,PUBLIC,RV PARK_CAMPGROUND,HETTINGER,1200 2ND AVE SW,58639,ND,45.98847423,-102.8808693
045-0028,150,150,683,2013,PUBLIC,RV PARK_CAMPGROUND,DICKINSON,2320 BUCKSKIN DR,58601,ND,46.9068666,-102.7764178
045-0028,50,50,684,2013,PUBLIC,RV PARK_CAMPGROUND,DICKINSON,2320 BUCKSKIN DR,58601,ND,46.90686662,-102.7764179
045-0022,18,18,685,2013,PUBLIC,RV PARK_CAMPGROUND,BELFIELD,402 3RD AVE SW,58622,ND,46.88190059,-103.2047833
045-0024,14,14,686,2013,PUBLIC,MOBILE HOME,RICHARDTON,3RD AVE EAST,58652,ND,46.88682574,-102.3093891
045-0024,6,6,687,2013,PUBLIC,RV PARK_CAMPGROUND,RICHARDTON,3RD AVE EAST,58652,ND,46.88682574,-102.3093891
017-0009,16,16,688,2013,PUBLIC,HOTEL_LODGING,BEACH,3291 HWY 16,58621,ND,46.93530085,-104.0077638
029-0002,10,10,689,2013,PUBLIC,RV PARK_CAMPGROUND,BEULAH,1101 HWY 49 S,58523,ND,47.25866216,-101.7857497
